frame,cell_label,area,eccentricity,solidity,extent,aspect_ratio,n_defects,max_defect_depth_ratio
1,1,869.0,0.236,0.9264,0.639,1.0291,5,0.3803
1,3,2258.0,0.6053,1.0009,0.7433,1.2563,2,0.1566
1,4,1832.0,0.6914,0.9438,0.6674,1.3841,3,0.375
1,5,2053.0,0.7014,0.9461,0.6959,1.4029,2,0.358
1,6,1845.0,0.6012,0.9824,0.7321,1.2514,7,0.1868
1,7,1921.0,0.5874,1.0129,0.7696,1.2357,0,0.0458
1,8,1732.0,0.7824,0.9159,0.6499,1.6057,6,0.3462
1,9,1395.0,0.8022,0.9745,0.746,1.675,5,0.2503
1,10,2215.0,0.6148,0.9939,0.7291,1.2679,3,0.1149
1,11,2281.0,0.4758,1.0004,0.7311,1.1369,2,0.1477
1,12,1960.0,0.8464,0.6663,0.4367,1.8776,4,2.8031
1,13,2068.0,0.4505,1.0117,0.7804,1.1201,1,0.0697
1,14,2741.0,0.6943,0.9784,0.705,1.3894,2,0.1262
1,15,3834.0,0.8339,0.9577,0.643,1.812,3,0.2103
1,16,2139.0,0.5032,0.9917,0.7526,1.1572,2,0.2202
1,17,1783.0,0.427,0.9914,0.7739,1.1059,4,0.15
1,18,1936.0,0.4759,0.9992,0.761,1.137,6,0.1105
2,1,3240.0,0.6696,0.9862,0.7195,1.3463,2,0.1434
2,2,2097.0,0.5817,0.995,0.7405,1.2294,1,0.1391
2,4,1377.0,0.7388,0.9367,0.6245,1.4838,6,0.2461
2,5,2042.0,0.8717,0.9573,0.6252,2.0409,5,0.2666
2,6,4050.0,0.8089,0.9679,0.6557,1.7009,2,0.2325
2,7,1259.0,0.757,0.9463,0.6506,1.5303,9,0.2997
2,8,1927.0,0.5015,1.018,0.7865,1.1559,1,0.0511
2,9,1765.0,0.4169,0.9757,0.7086,1.1002,1,0.268
2,10,921.0,0.5996,0.9654,0.6418,1.2496,8,0.2471
2,11,1380.0,0.4632,1.014,0.7641,1.1283,4,0.0695
2,12,1664.0,0.5214,0.9571,0.7081,1.1719,3,0.2173
2,13,3527.0,0.7685,0.9758,0.658,1.5628,3,0.1689
2,14,2180.0,0.4106,0.9929,0.7633,1.0967,2,0.2135
2,16,2720.0,0.6914,1.0031,0.7192,1.3842,3,0.0864
2,17,2323.0,0.4462,1.0149,0.7702,1.1174,1,0.0536
2,18,1386.0,0.6458,0.9139,0.632,1.3097,4,0.4324
2,19,2200.0,0.4504,1.0152,0.7835,1.1201,0,0.0478
2,20,3330.0,0.8592,0.9819,0.7551,1.9547,3,0.1359
2,21,3596.0,0.8829,0.9794,0.7571,2.1294,2,0.1725
2,22,2062.0,0.4076,1.0118,0.7629,1.0951,1,0.0569
2,24,3126.0,0.8104,0.9365,0.6464,1.7067,7,0.2286
2,25,1729.0,0.5508,0.9074,0.6961,1.1981,3,1.4726
2,27,2367.0,0.463,1.0154,0.7866,1.1282,0,0.0488
2,28,2548.0,0.4438,1.0073,0.7721,1.1159,2,0.0595
2,29,2534.0,0.7144,0.9503,0.6487,1.429,4,0.2839
3,1,1903.0,0.4775,1.0087,0.7624,1.1381,3,0.0602
3,2,3043.0,0.8534,0.9221,0.6858,1.9185,4,0.2435
3,4,1901.0,0.5091,1.0085,0.7616,1.1619,3,0.0735
3,6,1545.0,0.6476,1.0039,0.7166,1.3124,5,0.1275
3,7,1651.0,0.6972,0.9886,0.6902,1.3949,5,0.1796
3,8,1483.0,0.3285,0.9552,0.7022,1.0588,3,0.2603
3,9,2084.0,0.5026,1.0146,0.7733,1.1567,1,0.0639
3,10,3215.0,0.79,0.9601,0.7001,1.6311,4,0.2049
3,11,2315.0,0.7745,0.9662,0.654,1.5808,5,0.2302
3,13,2288.0,0.6049,1.0106,0.7719,1.2558,0,0.0414
3,14,3219.0,0.5527,1.0116,0.7794,1.1999,0,0.0428
3,15,2443.0,0.6644,0.9925,0.6942,1.3381,3,0.1017
3,16,2637.0,0.8023,0.7706,0.573,1.6753,4,1.6514
3,17,2141.0,0.5853,1.0026,0.7533,1.2333,1,0.1532
3,18,2895.0,0.8441,0.9422,0.6194,1.8651,5,0.2446
3,19,5157.0,0.494,0.9554,0.7019,1.1501,5,0.2688
3,20,3117.0,0.6621,0.9966,0.7291,1.3344,2,0.098
3,22,2630.0,0.7939,0.9413,0.6444,1.6445,7,0.2076
3,23,2334.0,0.8018,0.9645,0.6334,1.6733,3,0.195
3,24,1768.0,0.6052,0.9938,0.7306,1.2562,3,0.2047
3,25,1782.0,0.8417,0.9357,0.6364,1.852,4,0.3338
4,1,2372.0,0.5125,1.0087,0.7752,1.1646,2,0.1052
4,2,2443.0,0.7039,0.9584,0.7226,1.4079,5,0.3185
4,3,3030.0,0.7856,0.9637,0.6184,1.6161,3,0.1772
4,4,2187.0,0.5773,0.9716,0.6834,1.2247,5,0.1596
4,5,2041.0,0.825,0.7848,0.4492,1.7693,6,0.7721
4,6,2520.0,0.8628,0.8845,0.6134,1.9782,7,0.3358
4,7,3129.0,0.8893,0.9198,0.5417,2.1867,5,0.2615
4,8,4227.0,0.8387,0.9652,0.6168,1.8363,2,0.2271
4,10,3616.0,0.8146,0.964,0.7008,1.7239,3,0.2204
4,11,3137.0,0.8651,0.9406,0.6289,1.9935,4,0.2763
4,13,1900.0,0.5243,1.0061,0.7486,1.1743,5,0.068
4,14,1579.0,0.4869,1.0083,0.7494,1.1449,2,0.1237
4,15,3038.0,0.7295,0.9271,0.6662,1.462,4,0.282
4,16,2481.0,0.634,0.9972,0.7121,1.2931,3,0.1002
4,18,3722.0,0.8258,0.9669,0.6382,1.7731,2,0.1849
4,19,3011.0,0.7774,0.8555,0.5881,1.5898,3,1.4423
4,20,2746.0,0.7078,0.934,0.6811,1.4156,6,0.322
4,22,1290.0,0.8275,0.5662,0.3675,1.7813,9,1.4311
4,24,1759.0,0.4376,0.9958,0.7326,1.1122,4,0.1359
4,25,1627.0,0.4637,0.9754,0.725,1.1287,5,0.2135
5,1,2922.0,0.8437,0.9644,0.6075,1.8629,4,0.162
5,2,1272.0,0.6517,0.9688,0.6574,1.3184,7,0.1984
5,3,2369.0,0.6033,1.0143,0.7722,1.2539,0,0.0461
5,4,2849.0,0.8572,0.912,0.6357,1.9419,6,0.508
5,5,2122.0,0.4502,0.9854,0.7579,1.1199,2,0.1924
5,6,1900.0,0.5904,1.0053,0.7486,1.239,4,0.0727
5,7,2692.0,0.8299,0.9446,0.7225,1.7926,6,0.3997
5,9,3147.0,0.8894,0.9386,0.5173,2.1878,8,0.2454
5,10,2280.0,0.6125,0.9702,0.6985,1.2651,3,0.2134
5,11,2810.0,0.5926,1.0061,0.7626,1.2414,1,0.1377
5,12,2801.0,0.8437,0.9521,0.6484,1.8629,4,0.1795
5,13,3542.0,0.8112,0.974,0.727,1.7101,2,0.2037
5,14,2804.0,0.7438,0.9619,0.6859,1.4961,3,0.1948
5,15,3812.0,0.7548,0.9722,0.7233,1.5245,2,0.1795
5,16,1904.0,0.4628,1.0122,0.7644,1.1281,2,0.1182
5,17,4100.0,0.8085,0.9685,0.7009,1.6991,2,0.2165
5,18,3294.0,0.7863,0.9249,0.6043,1.6186,5,0.2763
5,19,2496.0,0.589,1.0081,0.7619,1.2374,2,0.0617
5,20,4048.0,0.8394,0.9704,0.7299,1.84,2,0.2302
5,21,2360.0,0.5831,0.9937,0.7165,1.231,1,0.1814
5,22,2542.0,0.7788,0.894,0.6361,1.5941,5,0.7221
5,23,2757.0,0.8225,0.9495,0.5891,1.758,4,0.1929
5,24,2756.0,0.8129,0.9773,0.7018,1.7171,3,0.162
5,25,2149.0,0.5728,0.9944,0.7588,1.22,2,0.1731
6,2,1561.0,0.5462,0.9836,0.7079,1.1938,4,0.1784
6,3,3734.0,0.8621,0.9551,0.6286,1.9733,3,0.2833
6,4,1729.0,0.6655,0.9815,0.7057,1.3398,5,0.1409
6,5,397.0,0.9149,0.5347,0.3297,2.4774,6,1.1436
6,6,2369.0,0.7008,1.0122,0.7478,1.4019,2,0.0599
6,7,2450.0,0.6466,1.0093,0.7625,1.3109,1,0.0832
6,9,2958.0,0.8884,0.9155,0.58,2.178,5,0.3035
6,10,7101.0,0.709,0.9542,0.6686,1.418,6,0.1674
6,11,4323.0,0.8383,0.9595,0.6128,1.8343,3,0.2411
6,12,3307.0,0.802,0.9705,0.7202,1.6741,2,0.1995
6,14,5360.0,0.7392,0.9483,0.6872,1.4848,4,0.2717
6,15,2182.0,0.4948,1.0135,0.7656,1.1507,0,0.0437
6,16,3068.0,0.6427,1.0018,0.7666,1.3053,3,0.096
6,17,2317.0,0.489,1.0091,0.7426,1.1464,2,0.0572
6,18,3167.0,0.7681,0.9623,0.7033,1.5616,6,0.189
6,19,3263.0,0.8538,0.9596,0.6656,1.9208,3,0.2336
6,20,1892.0,0.601,0.9919,0.7167,1.2512,5,0.1538
6,21,1522.0,0.5898,0.9961,0.7196,1.2384,4,0.1438
6,22,2642.0,0.8821,0.9326,0.584,2.1228,5,0.2509
6,23,2517.0,0.6195,0.9572,0.6655,1.2739,2,0.1953
6,24,1606.0,0.5687,0.9574,0.7182,1.2158,5,0.4499
6,27,2025.0,0.7942,0.9641,0.6988,1.6455,5,0.1969
6,28,2366.0,0.7303,0.9383,0.7101,1.4639,7,0.4175
7,2,2197.0,0.4199,1.0117,0.7682,1.1018,1,0.0677
7,3,3319.0,0.8644,0.9003,0.561,1.9891,2,0.651
7,4,2781.0,0.7754,0.9496,0.7131,1.5835,3,0.2997
7,5,2201.0,0.8752,0.8187,0.5011,2.067,6,0.5919
7,6,2628.0,0.6688,1.001,0.7292,1.3451,3,0.1037
7,7,3438.0,0.8663,0.955,0.6128,2.0017,3,0.1875
7,8,2303.0,0.7445,0.9638,0.6812,1.4978,4,0.2112
7,9,1679.0,0.4477,0.9807,0.7482,1.1183,1,0.3148
7,10,2449.0,0.5458,1.0134,0.7721,1.1935,1,0.0506
7,12,1763.0,0.3093,0.9816,0.737,1.0516,1,0.2322
7,13,2575.0,0.5932,0.9572,0.6613,1.2421,4,0.2661
7,14,2132.0,0.5267,0.9404,0.7252,1.1764,5,0.2875
7,16,3442.0,0.7739,0.9729,0.6519,1.579,2,0.2011
7,17,2048.0,0.5594,1.0099,0.7585,1.2065,2,0.0655
7,20,2482.0,0.7357,0.981,0.6912,1.4764,3,0.1809
7,21,1720.0,0.5839,0.9957,0.735,1.2318,6,0.1017
7,22,1225.0,0.8971,0.5821,0.3038,2.2638,6,0.9964
8,3,2907.0,0.8345,0.9485,0.7297,1.815,5,0.2205
8,4,2326.0,0.5692,1.0115,0.7601,1.2163,1,0.1021
8,5,3043.0,0.8334,0.9331,0.6355,1.8093,5,0.2412
8,6,1990.0,0.4834,0.998,0.7538,1.1423,1,0.188
8,7,1686.0,0.4842,0.974,0.7048,1.1429,4,0.1796
8,8,3093.0,0.7413,0.9631,0.6957,1.4898,3,0.34
8,9,2552.0,0.5375,0.9842,0.703,1.1859,3,0.1883
8,10,2081.0,0.6254,0.9839,0.6774,1.2815,4,0.1216
8,11,2921.0,0.7939,0.9091,0.6517,1.6448,5,0.8418
8,12,3317.0,0.8082,0.9346,0.689,1.698,3,0.3013
8,13,2582.0,0.5582,0.9766,0.7572,1.2053,3,0.2081
8,14,3666.0,0.8064,0.9584,0.6673,1.6909,3,0.2325
8,16,2044.0,0.757,0.9796,0.707,1.5304,7,0.1714
8,17,3241.0,0.81,0.9163,0.673,1.7053,3,0.4233
9,1,3855.0,0.8332,0.968,0.6464,1.8084,2,0.2398
9,2,956.0,0.6485,1.0324,0.766,1.3136,0,0.047
9,3,2166.0,0.5184,1.0159,0.7711,1.1694,0,0.04
9,4,1890.0,0.8401,0.9287,0.675,1.8438,2,0.483
9,5,3999.0,0.8466,0.9735,0.6492,1.879,2,0.1722
9,6,2337.0,0.8452,0.9281,0.6119,1.8713,4,0.4388
9,8,2160.0,0.8205,0.8527,0.5531,1.7492,4,1.2316
9,9,2088.0,0.7829,0.9506,0.6105,1.6072,4,0.222
9,10,2207.0,0.5163,1.0131,0.7711,1.1677,0,0.0377
9,11,2023.0,0.7018,0.842,0.6352,1.4037,3,1.9594
9,12,2124.0,0.8265,0.9118,0.6413,1.7766,4,0.7671
10,1,1258.0,0.5483,1.0125,0.7699,1.1958,2,0.0869
10,2,3460.0,0.8549,0.9737,0.6393,1.9277,2,0.1517
10,3,1291.0,0.6463,0.8867,0.6298,1.3104,3,1.3047
10,4,1214.0,0.7148,1.0219,0.7141,1.4299,0,0.0483
10,5,605.0,0.2414,1.0404,0.7451,1.0305,2,0.0591
10,6,1960.0,0.8784,0.8793,0.5072,2.0927,3,0.5044
10,7,1657.0,0.9185,0.9221,0.6308,2.5294,2,0.4313
10,8,1411.0,0.7262,1.0258,0.7685,1.4545,0,0.0389
11,1,2020.0,0.8047,0.9389,0.5739,1.6843,4,0.3606
11,3,1625.0,0.9039,0.8667,0.5239,2.3374,3,0.5362
11,5,2074.0,0.6015,1.0012,0.7608,1.2518,2,0.1605
11,6,2426.0,0.9167,0.7911,0.4665,2.5029,2,0.8718
11,8,2348.0,0.8038,0.8599,0.6042,1.6811,2,1.0628
11,9,2463.0,0.8284,0.9119,0.6702,1.7851,4,0.3401
11,10,1451.0,0.4279,0.9456,0.701,1.1064,3,0.397
12,1,2571.0,0.7666,0.7816,0.5217,1.5573,5,1.1596
12,2,1956.0,0.888,0.9231,0.5839,2.1747,2,0.4271
12,3,1747.0,0.5825,0.8489,0.6617,1.2302,2,1.6828
12,4,2086.0,0.8622,0.9392,0.5399,1.9741,5,0.2657
12,5,1725.0,0.8949,0.817,0.4672,2.2405,6,0.9245
12,6,2139.0,0.8291,0.7961,0.5635,1.7887,4,2.0262
12,7,3201.0,0.6373,1.0098,0.7665,1.2977,0,0.0367
12,8,1443.0,0.7042,1.0249,0.7446,1.4084,0,0.0366
12,9,1192.0,0.6599,1.0276,0.7568,1.3309,0,0.0445
12,10,1257.0,0.8745,0.9913,0.6348,2.0619,2,0.1873
12,11,3522.0,0.7374,0.8675,0.6042,1.4804,6,0.653
12,12,2164.0,0.8456,0.9364,0.5643,1.8731,3,0.2651
12,13,2811.0,0.6883,0.9984,0.7131,1.3785,3,0.1107
12,14,2101.0,0.5881,0.9873,0.7227,1.2364,2,0.1716
13,3,3027.0,0.819,0.9777,0.7056,1.7428,3,0.1961
13,4,1661.0,0.891,0.9044,0.5859,2.2026,2,0.5355
13,5,1581.0,0.5031,0.8754,0.6596,1.1571,2,1.6276
13,6,4542.0,0.8319,0.9758,0.74,1.8019,2,0.2165
13,8,1904.0,0.2323,0.9822,0.7332,1.0281,3,0.2193
13,9,4122.0,0.8252,0.9757,0.649,1.7704,2,0.1848
13,10,1721.0,0.5018,0.881,0.6765,1.1561,4,1.6498
13,11,3028.0,0.852,0.8273,0.6372,1.9099,3,2.4566
13,12,3641.0,0.8713,0.9545,0.783,2.038,4,0.2644
14,1,2536.0,0.7589,0.9814,0.7172,1.5357,4,0.1658
14,2,2417.0,0.638,0.9188,0.6582,1.2987,5,0.8647
14,3,2566.0,0.7685,0.8224,0.5632,1.5629,6,2.3628
14,4,2485.0,0.413,1.0091,0.7658,1.098,1,0.0732
14,5,1977.0,0.1842,1.0,0.7455,1.0174,5,0.106
14,6,2121.0,0.7606,0.9505,0.6986,1.5404,3,0.3089
14,7,1920.0,0.8121,0.7164,0.4918,1.7137,4,2.4261
14,8,1784.0,0.9174,0.9318,0.5171,2.5129,4,0.3375
14,9,3187.0,0.815,0.9338,0.6656,1.7255,4,0.2587
14,10,2800.0,0.7045,0.9948,0.7062,1.4089,2,0.1099
14,11,2500.0,0.8199,0.87,0.6579,1.7466,3,1.8396
14,12,2075.0,0.4903,0.9862,0.7001,1.1474,3,0.1871
14,15,3493.0,0.7941,0.9597,0.7069,1.6452,4,0.2719
14,16,2376.0,0.6176,0.9969,0.7615,1.2714,4,0.1251
15,1,3076.0,0.7368,0.8167,0.5932,1.479,3,2.2195
15,2,389.0,0.6892,1.036,0.741,1.3802,7,0.1292
15,3,2418.0,0.2745,1.0102,0.7713,1.04,0,0.0456
15,4,1109.0,0.822,0.9573,0.6147,1.7561,9,0.1958
15,5,2215.0,0.5343,1.0154,0.7756,1.183,0,0.0477
15,6,1794.0,0.5551,0.8719,0.6644,1.2022,3,1.8991
15,7,2227.0,0.6087,1.0114,0.7703,1.2604,0,0.0418
15,9,3054.0,0.6702,0.9704,0.6706,1.3474,3,0.1699
15,10,2720.0,0.7049,1.0054,0.7192,1.4099,2,0.1223
15,11,2263.0,0.5294,1.0128,0.7803,1.1787,0,0.0373
15,12,3551.0,0.7938,0.9832,0.7251,1.6442,2,0.1501
16,2,1780.0,0.4696,1.0045,0.7283,1.1327,4,0.0583
16,3,2222.0,0.6878,0.8147,0.6165,1.3775,2,2.3376
16,4,1704.0,0.3013,0.9546,0.7245,1.0487,2,0.3589
16,6,2252.0,0.867,0.9106,0.5413,2.0064,4,0.4902
16,7,4046.0,0.8894,0.9556,0.5808,2.1876,2,0.2094
16,8,1661.0,0.8963,0.9139,0.5324,2.2554,2,0.3821
16,9,2891.0,0.8203,0.9692,0.6442,1.7485,3,0.1554
17,1,4326.0,0.8189,0.9642,0.6512,1.7421,3,0.2778
17,2,3220.0,0.9088,0.864,0.692,2.3973,3,0.7882
17,4,2121.0,0.563,0.8255,0.6235,1.21,1,2.122
17,5,1363.0,0.3636,0.8673,0.631,1.0735,2,1.7606
17,6,2401.0,0.3957,0.9727,0.741,1.0889,1,0.3685
17,7,1542.0,0.3586,0.9955,0.7301,1.0713,4,0.1731
17,8,1555.0,0.5367,1.0274,0.774,1.1851,0,0.0327
17,9,2452.0,0.5259,0.9907,0.7859,1.1757,4,0.2264
17,10,1357.0,0.6866,0.7562,0.4874,1.3755,4,1.9915
17,11,2897.0,0.4948,0.8202,0.5518,1.1507,5,1.9227
17,12,2468.0,0.6124,0.9187,0.7302,1.2649,3,0.7102
17,13,2988.0,0.5458,1.01,0.7709,1.1935,0,0.0361
17,14,1510.0,0.7122,1.0265,0.7848,1.4244,0,0.0378
17,15,1249.0,0.5785,0.7535,0.5793,1.226,3,2.0208
17,16,2405.0,0.7386,0.9442,0.6514,1.4833,4,0.2047
17,17,730.0,0.5895,1.0414,0.79,1.238,0,0.0477
17,18,1963.0,0.8173,0.9564,0.6491,1.7354,5,0.2927
17,19,2504.0,0.7225,0.9719,0.6957,1.4463,3,0.199
18,1,924.0,0.6714,1.0324,0.7452,1.3494,0,0.0458
18,2,2274.0,0.4661,1.0202,0.8098,1.1303,0,0.0305
18,3,677.0,0.4471,1.0456,0.8358,1.118,1,0.0535
18,4,1583.0,0.7017,1.0256,0.786,1.4035,0,0.0332
18,6,2331.0,0.5475,1.0076,0.7618,1.195,0,0.0492
19,1,2131.0,0.8806,0.7918,0.4881,2.1103,4,2.0947
19,3,2183.0,0.876,0.9452,0.5606,2.073,3,0.3482
19,4,1332.0,0.6753,1.023,0.75,1.3559,0,0.0444
19,5,2580.0,0.9168,0.8707,0.6071,2.5048,2,0.6179
19,6,1419.0,0.8928,0.9643,0.6539,2.2197,2,0.2849
19,7,887.0,0.4652,1.0308,0.7673,1.1297,2,0.0753
19,8,1304.0,0.7138,1.0288,0.7707,1.4279,0,0.0385
19,9,1981.0,0.8801,0.9146,0.5549,2.1061,3,0.513
19,10,3074.0,0.6307,1.01,0.7624,1.2886,0,0.0452
19,11,1683.0,0.8569,0.8278,0.6127,1.9399,4,1.4237
19,12,2522.0,0.8414,0.9041,0.5758,1.8503,6,0.2767
19,13,1538.0,0.6716,0.9793,0.6823,1.3497,6,0.193
20,1,2162.0,0.5286,1.0053,0.7607,1.1781,2,0.0957
20,2,2460.0,0.7252,0.9409,0.6727,1.4524,3,0.752
20,3,1981.0,0.4692,0.9955,0.737,1.1324,5,0.1246
20,4,2475.0,0.4932,0.999,0.7412,1.1496,1,0.1035
20,5,1723.0,0.497,0.974,0.7203,1.1524,3,0.2077
20,6,2619.0,0.5836,1.0104,0.7653,1.2315,1,0.0587
20,7,3471.0,0.541,1.0099,0.7669,1.189,0,0.0472
20,8,3729.0,0.798,0.9842,0.7654,1.6595,2,0.1607
20,9,2654.0,0.7882,0.9447,0.623,1.625,6,0.2833
20,10,4326.0,0.8117,0.9584,0.7041,1.712,3,0.2627
20,11,3704.0,0.8481,0.9724,0.6747,1.8875,2,0.1986
20,12,3418.0,0.8082,0.965,0.7062,1.6979,4,0.1877
20,13,1462.0,0.4501,0.903,0.68,1.1199,8,1.156
20,14,1867.0,0.7768,0.9624,0.6546,1.5879,3,0.279
21,1,2081.0,0.7583,0.9498,0.6608,1.534,4,0.2802
21,2,2185.0,0.777,0.9152,0.6837,1.5886,6,0.4383
21,3,2010.0,0.8817,0.8847,0.5543,2.1195,2,0.5274
21,4,2691.0,0.3844,1.0058,0.7494,1.0832,1,0.0973
21,6,3349.0,0.5209,1.0074,0.7717,1.1715,1,0.0932
21,7,3047.0,0.832,0.9291,0.5896,1.8024,3,0.3969
21,8,3713.0,0.7958,0.9672,0.7151,1.6512,2,0.2316
22,1,2151.0,0.663,0.9424,0.6463,1.3358,8,0.2186
22,2,1827.0,0.4886,1.0116,0.7334,1.1461,1,0.0525
22,3,3654.0,0.6454,1.0104,0.768,1.3091,0,0.0427
22,5,4325.0,0.8188,0.9354,0.6795,1.7421,3,0.3564
22,6,2534.0,0.5593,1.0126,0.7712,1.2063,0,0.0446
22,7,2547.0,0.4304,1.0057,0.7608,1.1079,2,0.1054
22,8,2201.0,0.3268,1.0136,0.7696,1.0581,0,0.041
22,9,3650.0,0.8731,0.9547,0.6199,2.0512,3,0.1717
22,10,1860.0,0.8977,0.7873,0.5827,2.2696,5,2.5169
22,11,3361.0,0.5959,1.0128,0.778,1.2453,0,0.034
22,12,2107.0,0.9228,0.8796,0.667,2.5956,8,0.4392
22,13,3476.0,0.846,0.9426,0.6218,1.8753,5,0.2053
23,1,1993.0,0.5243,1.0112,0.7414,1.1744,1,0.0653
23,2,2646.0,0.6154,0.9951,0.7206,1.2687,3,0.1284
23,3,1771.0,0.4373,0.9899,0.7246,1.112,6,0.1635
23,4,1537.0,0.7118,0.9415,0.6654,1.4238,6,0.237
23,5,1228.0,0.3851,0.832,0.6208,1.0836,8,1.5826
23,6,1459.0,0.8792,0.3573,0.1803,2.099,3,2.0289
23,7,2227.0,0.6179,0.9761,0.733,1.2719,2,0.4799
23,8,1740.0,0.7114,0.9943,0.75,1.423,2,0.2002
23,9,1875.0,0.4621,1.0174,0.7972,1.1276,2,0.0596
23,10,853.0,0.6956,1.0327,0.7542,1.3919,2,0.0607
23,11,1476.0,0.7652,1.0054,0.7235,1.5534,2,0.1247
23,12,3216.0,0.8252,0.9703,0.6291,1.7702,2,0.1489
23,13,2319.0,0.5486,1.0063,0.7689,1.1961,1,0.0748
23,14,2501.0,0.6911,0.9831,0.6907,1.3837,4,0.1456
24,1,3206.0,0.8982,0.8382,0.5532,2.2747,5,1.0591
24,2,682.0,0.5834,0.8557,0.6078,1.2313,7,0.781
24,5,2773.0,0.6725,0.9696,0.7132,1.3512,4,0.1888
24,7,2893.0,0.8694,0.8987,0.5506,2.0241,4,0.9101
24,8,666.0,0.6801,0.9174,0.5766,1.364,7,0.2868
24,9,2551.0,0.8127,0.946,0.5808,1.7163,4,0.3767
24,11,2769.0,0.6993,1.0002,0.7492,1.3989,3,0.1093
25,1,1609.0,0.8984,0.9181,0.5804,2.2771,2,0.3884
25,2,3615.0,0.8581,0.9157,0.5467,1.9474,5,0.3012
25,3,2455.0,0.5745,1.0099,0.7869,1.2217,1,0.0541
25,4,2030.0,0.8705,0.8992,0.5562,2.0319,3,0.4974
25,6,1560.0,0.6067,0.9814,0.7256,1.2579,4,0.2475
25,7,2212.0,0.5399,1.0084,0.7588,1.188,1,0.0754
25,8,913.0,0.8834,0.4092,0.2074,2.1342,5,1.9168
25,9,1293.0,0.6423,1.0201,0.7159,1.3048,0,0.0406
25,11,1999.0,0.2006,0.9749,0.7395,1.0208,5,0.203
25,12,2561.0,0.4667,0.897,0.6467,1.1307,5,1.4848
26,1,1619.0,0.8065,0.9386,0.6805,1.6912,2,0.4804
26,2,1888.0,0.4642,1.0083,0.7284,1.129,2,0.0682
26,3,1468.0,0.612,0.9031,0.6124,1.2644,4,0.7985
26,4,951.0,0.6942,1.0166,0.7205,1.3892,2,0.0995
26,5,2097.0,0.5032,0.9624,0.7532,1.1572,2,0.6497
26,6,2207.0,0.492,1.0046,0.7481,1.1487,1,0.0814
26,7,1709.0,0.3898,0.8452,0.6444,1.0859,2,1.5752
26,8,2357.0,0.3578,1.0168,0.7802,1.0709,0,0.0365
26,9,1829.0,0.8277,0.912,0.5954,1.782,2,0.5111
26,10,2080.0,0.827,0.9493,0.6537,1.7786,6,0.1725
26,13,2264.0,0.4858,0.9958,0.7675,1.1441,1,0.2608
27,1,2002.0,0.8651,0.7834,0.5833,1.9933,5,2.3364
27,2,4381.0,0.8285,0.9594,0.6614,1.7856,4,0.2437
27,4,2189.0,0.5057,1.0144,0.7548,1.1591,0,0.0379
27,5,3432.0,0.5631,1.007,0.7603,1.2101,1,0.0587
27,6,2344.0,0.8322,0.9475,0.6854,1.8036,4,0.3595
27,7,2275.0,0.833,0.849,0.5588,1.8073,4,2.1231
27,8,1667.0,0.8993,0.9464,0.7004,2.2866,2,0.3953
27,10,3682.0,0.8791,0.9778,0.7592,2.0977,2,0.174
27,11,3113.0,0.794,0.8116,0.5722,1.6449,3,1.3332
27,12,2779.0,0.5266,1.0082,0.7519,1.1763,1,0.0553
27,13,2643.0,0.6125,0.9125,0.672,1.2651,1,1.4185
27,14,2384.0,0.7628,0.8596,0.6113,1.5464,4,0.6458
27,15,2640.0,0.5912,1.0113,0.7619,1.2399,0,0.0462
27,16,3613.0,0.7099,0.9654,0.6512,1.4199,4,0.1835
28,2,884.0,0.6969,1.0351,0.7621,1.3944,0,0.0433
28,3,1268.0,0.6959,1.0296,0.777,1.3925,0,0.0369
28,4,2476.0,0.4676,1.0108,0.7642,1.1313,0,0.0469
28,6,2758.0,0.5964,1.0011,0.743,1.2458,2,0.1146
28,7,736.0,0.7956,1.0418,0.705,1.6505,0,0.0485
28,8,1477.0,0.7744,1.0096,0.6883,1.5805,1,0.103
28,9,1116.0,0.7147,1.0319,0.7686,1.4297,0,0.0435
28,10,2697.0,0.6123,1.0075,0.7662,1.2649,2,0.0587
29,1,2180.0,0.866,0.8209,0.5519,1.9998,4,0.6221
29,2,1519.0,0.733,1.0264,0.7595,1.4701,0,0.0455
29,3,3039.0,0.5921,1.0113,0.7688,1.2409,1,0.0509
29,4,1507.0,0.8953,0.9231,0.6524,2.2451,2,0.466
29,5,999.0,0.7225,1.0347,0.7673,1.4464,0,0.044
29,6,1905.0,0.7591,0.9868,0.7087,1.5363,2,0.2452
29,7,932.0,0.5827,1.0419,0.8126,1.2305,0,0.0399
29,8,3179.0,0.5462,1.0063,0.754,1.1938,1,0.0555
29,9,2583.0,0.8542,0.9016,0.6411,1.9235,2,0.4701
29,10,2176.0,0.9016,0.8483,0.5965,2.3117,2,0.994
29,11,2746.0,0.5666,0.986,0.7681,1.2136,2,0.1369
29,12,2822.0,0.8868,0.9254,0.5905,2.1642,4,0.4425
30,1,1637.0,0.7269,0.9844,0.6614,1.4562,2,0.2091
30,2,1732.0,0.8757,0.9,0.6606,2.0714,2,0.6766
30,3,3138.0,0.7153,0.9429,0.7093,1.4309,5,0.2808
30,4,2109.0,0.9107,0.9061,0.5878,2.4211,2,0.529
30,5,1992.0,0.8947,0.9065,0.6566,2.2388,2,0.4807
30,6,3159.0,0.6206,1.0089,0.7649,1.2754,1,0.0565
30,8,2948.0,0.8586,0.8981,0.6702,1.9505,2,0.5421
30,9,2368.0,0.5678,0.9816,0.7255,1.2148,4,0.2572
30,10,2750.0,0.7264,0.8744,0.6579,1.4551,6,0.6559
30,11,1292.0,0.6464,0.9663,0.6729,1.3106,2,0.4064
31,1,3265.0,0.5298,1.0138,0.7886,1.1791,0,0.0393
31,2,4289.0,0.83,0.9637,0.624,1.7929,2,0.2307
31,3,2190.0,0.8856,0.9089,0.5264,2.1534,2,0.5347
31,4,3913.0,0.8297,0.97,0.6793,1.7916,2,0.2405
31,5,1032.0,0.688,1.0258,0.75,1.378,0,0.0442
31,6,979.0,0.6831,1.036,0.7577,1.3693,0,0.0445
31,7,1605.0,0.9163,0.8725,0.5489,2.4969,2,0.581
31,8,1514.0,0.9192,0.9212,0.6759,2.5401,3,0.4431
32,1,1168.0,0.7274,0.9857,0.7079,1.4574,3,0.3247
32,2,2125.0,0.855,0.9023,0.6678,1.928,2,0.5919
32,3,1772.0,0.8454,0.9236,0.6781,1.8719,2,0.5382
32,4,4471.0,0.801,0.964,0.7358,1.6706,2,0.2027
32,5,1518.0,0.7085,1.0222,0.734,1.4169,0,0.0373
32,7,2354.0,0.8271,0.8807,0.5667,1.779,2,0.6372
32,8,1314.0,0.6266,1.0143,0.7357,1.2832,2,0.0691
32,9,2106.0,0.9338,0.9321,0.6858,2.7958,2,0.4067
32,10,1767.0,0.8345,0.8184,0.5546,1.8147,3,1.1503
32,11,2421.0,0.4773,1.0098,0.7722,1.138,1,0.0612
32,12,1479.0,0.5752,0.8731,0.6562,1.2225,2,1.7656
33,1,1671.0,0.8072,0.9659,0.6738,1.694,5,0.312
33,3,816.0,0.5457,1.0355,0.7351,1.1933,0,0.0487
33,4,3629.0,0.8779,0.8536,0.5819,2.0886,2,0.8072
33,5,825.0,0.672,1.0358,0.7754,1.3503,0,0.0485
33,6,2283.0,0.4622,1.0088,0.757,1.1277,0,0.0469
33,7,1556.0,0.7515,0.7259,0.5206,1.5157,5,2.4215
33,8,1495.0,0.3909,0.8519,0.65,1.0864,4,1.5822
33,9,1456.0,0.4531,1.0171,0.7892,1.1217,1,0.0517
33,10,2592.0,0.7954,0.9108,0.5888,1.6499,6,0.3302
33,11,2331.0,0.6786,0.9942,0.7618,1.3614,2,0.2322
33,12,3477.0,0.6108,1.008,0.76,1.263,1,0.0538
34,1,2416.0,0.5325,1.0052,0.7617,1.1814,2,0.0623
34,2,2208.0,0.9131,0.9068,0.5271,2.452,2,0.414
34,3,3350.0,0.8976,0.8949,0.727,2.2686,2,0.628
34,4,832.0,0.5164,1.0459,0.7894,1.1678,0,0.0389
34,5,2999.0,0.4928,1.0101,0.746,1.1492,0,0.0421
34,6,3038.0,0.5448,1.0132,0.7614,1.1926,0,0.0438
34,7,2653.0,0.8237,0.8993,0.6219,1.7637,2,0.6151
34,8,3104.0,0.8616,0.912,0.6616,1.9702,2,0.5188
34,9,2311.0,0.9164,0.9063,0.5664,2.4984,2,0.4617
34,10,2274.0,0.8918,0.9089,0.5645,2.21,2,0.576
34,11,2236.0,0.8907,0.9127,0.5963,2.2002,2,0.5
34,12,1143.0,0.5784,1.0233,0.7595,1.2258,1,0.0524
34,13,2013.0,0.6439,1.019,0.7814,1.307,0,0.0395
34,14,2108.0,0.8673,0.8904,0.5425,2.0088,2,0.5495
34,15,2326.0,0.8721,0.8965,0.5821,2.0438,2,0.5912
34,16,2933.0,0.6215,0.9931,0.7437,1.2764,3,0.1418
34,17,1571.0,0.7324,0.8288,0.6376,1.4687,3,2.3378
34,18,1095.0,0.6435,1.032,0.79,1.3064,1,0.0536
35,1,1370.0,0.7654,0.9913,0.6587,1.5537,4,0.1233
35,2,2171.0,0.3691,1.0159,0.774,1.076,1,0.0626
35,3,1496.0,0.9239,0.9433,0.5614,2.6137,2,0.3424
35,4,1894.0,0.4798,1.0091,0.7463,1.1398,2,0.0571
35,6,2017.0,0.3865,1.0093,0.7324,1.0843,2,0.1005
35,7,2467.0,0.6316,0.999,0.7628,1.2899,4,0.2006
35,8,2823.0,0.6311,0.9807,0.7332,1.2891,2,0.1845
35,9,1924.0,0.4411,1.0094,0.7699,1.1142,1,0.0676
35,10,2178.0,0.526,1.013,0.7642,1.1758,2,0.0596
35,11,2564.0,0.819,0.9035,0.6937,1.7428,4,0.6511
35,12,2101.0,0.4758,0.9658,0.7208,1.1369,4,0.3412
35,13,3350.0,0.8378,0.9554,0.738,1.8316,4,0.1861
35,14,2517.0,0.4925,0.9911,0.742,1.149,3,0.153
35,15,2300.0,0.8587,0.8797,0.6553,1.951,4,0.5258
35,16,1307.0,0.6546,0.9875,0.6783,1.3228,5,0.1178
35,17,2608.0,0.7639,0.9444,0.6573,1.5496,7,0.2057
35,18,2699.0,0.8395,0.8622,0.5611,1.8401,4,0.6795
36,1,1296.0,0.6067,0.9715,0.6725,1.258,5,0.1762
36,2,2088.0,0.7327,0.929,0.5736,1.4693,7,0.3117
36,4,2143.0,0.5968,1.0123,0.7567,1.2462,1,0.0601
36,5,2982.0,0.5184,1.0102,0.7674,1.1694,1,0.063
36,6,2307.0,0.5326,1.0152,0.7955,1.1815,1,0.0581
36,7,1761.0,0.574,1.008,0.7526,1.2212,2,0.0663
36,8,2058.0,0.5668,0.9925,0.7,1.2138,7,0.1268
36,9,2834.0,0.7969,0.9547,0.6769,1.6552,6,0.1615
36,10,2219.0,0.5433,1.0089,0.7522,1.1911,1,0.0516
36,11,3081.0,0.6614,0.6915,0.482,1.3332,4,1.0646
36,12,2321.0,0.4432,0.994,0.7422,1.1156,4,0.1117
36,13,2286.0,0.863,0.9071,0.6048,1.9793,6,0.4945
36,14,2410.0,0.6363,0.9773,0.7303,1.2963,7,0.1723
36,15,2081.0,0.667,0.9736,0.6812,1.3421,5,0.1445
36,16,2287.0,0.6125,0.979,0.6827,1.2651,4,0.129
36,17,2735.0,0.6615,0.994,0.7479,1.3334,5,0.1084
37,1,2040.0,0.4929,0.9848,0.7418,1.1493,1,0.2276
37,2,4163.0,0.7953,0.9351,0.6019,1.6497,4,0.253
37,3,2218.0,0.7056,0.9713,0.6795,1.4112,8,0.2633
37,4,2650.0,0.5275,0.9853,0.7435,1.1771,2,0.1848
37,5,1940.0,0.3589,0.9791,0.7348,1.0714,3,0.2613
37,6,2262.0,0.6301,0.879,0.6545,1.2878,1,1.9704
37,7,3052.0,0.7754,0.934,0.6374,1.5835,6,0.2251
37,8,2395.0,0.5445,1.0131,0.7698,1.1922,0,0.0485
37,9,2259.0,0.4128,0.9899,0.749,1.0979,1,0.2239
37,10,3216.0,0.5768,1.0118,0.7657,1.2242,0,0.0328
37,11,2298.0,0.7115,0.9525,0.6495,1.4231,7,0.2315
37,12,2131.0,0.4724,0.9351,0.719,1.1346,1,1.1379
37,13,2800.0,0.6078,1.0047,0.7598,1.2593,1,0.067
37,14,2307.0,0.5525,1.0159,0.7783,1.1997,0,0.035
37,15,3810.0,0.7528,0.9642,0.7146,1.5192,2,0.1785
37,16,2197.0,0.772,0.9256,0.6584,1.5734,5,0.3511
37,17,1133.0,0.5602,0.9856,0.6776,1.2072,5,0.1753
37,18,3476.0,0.4916,1.0078,0.7759,1.1483,0,0.0335
37,19,1893.0,0.8441,0.9616,0.7035,1.8651,3,0.2791
37,20,1926.0,0.6051,0.9528,0.6918,1.2561,4,0.4424
37,21,2319.0,0.7084,0.9589,0.6731,1.4168,6,0.1975
37,22,1911.0,0.5735,1.0122,0.7656,1.2206,5,0.0641
37,23,1546.0,0.1623,0.9952,0.7002,1.0134,6,0.1361
37,24,2620.0,0.8634,0.9158,0.607,1.9824,7,0.4487
38,1,2549.0,0.7777,0.8547,0.5382,1.5907,6,0.53
38,2,2568.0,0.7683,0.9481,0.6496,1.5624,6,0.1978
38,3,2975.0,0.7975,0.9681,0.6524,1.6575,3,0.15
38,4,3253.0,0.5695,1.0104,0.7636,1.2165,1,0.0584
38,5,3601.0,0.858,0.9513,0.761,1.9471,3,0.2328
38,7,4186.0,0.8379,0.9483,0.5936,1.8323,3,0.1804
38,8,3501.0,0.603,1.0078,0.7652,1.2535,0,0.0424
38,9,2014.0,0.5011,1.0105,0.777,1.1555,3,0.0614
38,10,2098.0,0.5276,1.0135,0.7762,1.1772,1,0.0573
38,11,1561.0,0.5099,0.993,0.7095,1.1625,4,0.1654
38,13,511.0,0.4068,0.9706,0.6551,1.0947,4,0.4052
38,14,1548.0,0.5323,0.9866,0.72,1.1813,8,0.1593
38,15,2145.0,0.5061,0.9894,0.7548,1.1595,3,0.1914
38,17,2976.0,0.7764,0.9491,0.6216,1.5868,3,0.1806
38,18,1202.0,0.5863,0.9885,0.7383,1.2345,6,0.123
38,19,1846.0,0.6275,1.0112,0.7572,1.2843,2,0.0653
38,20,2000.0,0.6078,0.9955,0.7369,1.2593,7,0.14
39,1,3311.0,0.7806,0.9354,0.6118,1.5999,4,0.265
39,2,1839.0,0.552,1.0079,0.7568,1.1993,3,0.0544
39,3,2492.0,0.892,0.8442,0.6365,2.2118,5,0.6079
39,4,984.0,0.758,0.938,0.6486,1.5332,8,0.226
39,5,2007.0,0.5855,0.8522,0.6451,1.2335,3,2.1086
39,6,2186.0,0.7182,0.9898,0.6988,1.4371,3,0.1854
39,7,3329.0,0.6191,1.0105,0.7625,1.2734,0,0.0354
39,8,1647.0,0.5789,0.9717,0.663,1.2264,8,0.2377
39,9,2082.0,0.4961,1.008,0.7587,1.1518,2,0.0627
39,11,1560.0,0.4811,0.9692,0.6933,1.1407,3,0.2116
39,13,1923.0,0.5888,1.0126,0.7631,1.2372,0,0.0415
39,14,3276.0,0.9119,0.8962,0.6337,2.4367,3,0.4224
39,15,1765.0,0.6326,0.9882,0.7263,1.2912,6,0.1363
39,16,1992.0,0.3902,0.9854,0.7391,1.0861,2,0.1727
39,17,3134.0,0.7501,0.9188,0.636,1.5122,6,0.5283
39,18,1501.0,0.6494,0.8155,0.5281,1.315,9,0.7752
40,1,2047.0,0.6118,0.8668,0.6248,1.2642,3,1.8194
40,2,2847.0,0.7982,0.9373,0.6723,1.66,5,0.3023
40,3,3001.0,0.6173,1.0052,0.7656,1.2711,2,0.072
40,4,2855.0,0.5296,0.961,0.7239,1.1789,2,0.506
40,5,2146.0,0.8612,0.9024,0.6417,1.9673,3,0.5877
40,6,2113.0,0.8843,0.9257,0.662,2.1418,2,0.3874
40,7,2197.0,0.3354,0.8628,0.6241,1.0615,2,1.6061
40,9,3884.0,0.587,1.0049,0.7545,1.2352,1,0.0589
40,10,2349.0,0.786,0.8729,0.6101,1.6175,5,1.4523
40,12,2014.0,0.7287,0.9623,0.643,1.4603,4,0.3996
40,13,1421.0,0.8615,0.9723,0.6966,1.9694,3,0.2733
40,14,2156.0,0.5925,0.9672,0.6759,1.2413,7,0.156
40,16,1888.0,0.6842,0.9511,0.662,1.3711,5,0.2307
40,17,1851.0,0.7453,0.9029,0.6495,1.4998,5,1.1828
40,18,2432.0,0.6944,0.9446,0.6681,1.3896,6,0.2955
40,19,1649.0,0.5843,0.9356,0.7047,1.2322,8,0.3113
41,1,2064.0,0.8574,0.9358,0.5733,1.9432,2,0.4206
41,2,1203.0,0.6691,1.0326,0.7863,1.3455,0,0.0401
41,3,2153.0,0.7277,1.0077,0.7313,1.4579,1,0.0771
41,4,1709.0,0.919,0.8971,0.5629,2.5361,2,0.5477
41,5,929.0,0.5247,1.0322,0.782,1.1747,1,0.0504
41,7,2205.0,0.7156,1.0168,0.7187,1.4316,0,0.0327
41,8,1711.0,0.8871,0.943,0.6888,2.1665,2,0.3744
41,9,1432.0,0.5245,0.6921,0.5314,1.1745,2,2.436
41,10,758.0,0.7226,1.0355,0.7672,1.4467,2,0.0717
41,11,2419.0,0.7882,0.7423,0.54,1.6248,3,1.9691
42,1,3792.0,0.7442,0.9724,0.6575,1.4971,3,0.1639
42,2,1650.0,0.5474,1.0027,0.7524,1.1949,4,0.0665
42,3,2864.0,0.5977,0.9993,0.7412,1.2473,2,0.1837
42,4,1998.0,0.4842,1.0003,0.7433,1.1429,2,0.1269
42,5,2269.0,0.5745,1.0082,0.7718,1.2218,0,0.049
42,6,5391.0,0.8463,0.9077,0.5738,1.877,2,0.4308
42,7,2897.0,0.6037,1.0066,0.7634,1.2544,1,0.0791
42,8,1792.0,0.7166,0.9798,0.6649,1.4337,4,0.2437
42,9,1792.0,0.8864,0.9404,0.587,2.1602,3,0.4133
42,10,2293.0,0.5899,0.989,0.7428,1.2384,1,0.1955
42,11,3758.0,0.8352,0.9406,0.7166,1.8183,4,0.2907
42,12,2091.0,0.8165,0.9131,0.6266,1.7323,9,0.4274
42,13,2460.0,0.8329,0.872,0.584,1.8072,4,0.5528
42,14,1793.0,0.4845,0.9887,0.7379,1.1431,6,0.1895
42,15,2478.0,0.7983,0.9553,0.6883,1.6606,5,0.1808
43,1,1775.0,0.6978,0.9753,0.6574,1.396,6,0.1441
43,2,2452.0,0.6052,0.9413,0.6421,1.2561,6,0.2599
43,3,2834.0,0.7868,0.8557,0.6134,1.6202,5,0.9747
43,4,1542.0,0.5106,1.0118,0.7796,1.163,4,0.0742
43,5,2216.0,0.7143,0.9827,0.6715,1.429,7,0.1225
43,6,3315.0,0.8279,0.986,0.7738,1.7827,2,0.148
43,7,2448.0,0.3111,0.9986,0.7418,1.0522,3,0.1325
43,8,2958.0,0.8073,0.9775,0.725,1.6944,3,0.1719
43,9,3366.0,0.8553,0.9241,0.6979,1.9301,4,0.2717
43,10,2015.0,0.6157,1.008,0.7455,1.269,2,0.0614
43,11,3521.0,0.7692,0.9708,0.6628,1.5649,4,0.1581
43,12,2710.0,0.5439,1.0104,0.7699,1.1917,0,0.0392
43,13,2639.0,0.4491,1.0053,0.7739,1.1192,3,0.0577
43,15,2871.0,0.5696,1.007,0.7518,1.2166,2,0.0662
43,16,2678.0,0.886,0.9003,0.5978,2.1566,6,0.4893
43,17,1903.0,0.5517,0.8909,0.672,1.199,1,1.7592
43,18,1767.0,0.4241,1.0158,0.7853,1.1042,2,0.08
43,19,3101.0,0.5262,1.0121,0.7845,1.1759,0,0.0403
43,20,1563.0,0.6151,0.9936,0.7373,1.2683,5,0.1266
44,1,2874.0,0.8117,0.9415,0.6778,1.7121,4,0.2126
44,2,2151.0,0.8544,0.8044,0.5357,1.9243,3,1.7204
44,3,3131.0,0.3874,0.9905,0.7412,1.0847,3,0.1605
44,4,2761.0,0.7762,0.9582,0.6344,1.5861,7,0.2062
44,5,2083.0,0.523,1.0114,0.7613,1.1732,1,0.0575
44,6,1812.0,0.3902,0.9813,0.7251,1.0861,1,0.2118
44,7,3261.0,0.6065,1.0032,0.7677,1.2578,1,0.0577
44,8,4483.0,0.8582,0.9645,0.7398,1.9483,2,0.2568
44,9,3457.0,0.7853,0.8654,0.6813,1.6153,8,1.2994
44,10,2539.0,0.4739,0.9807,0.7347,1.1356,5,0.1326
44,11,2747.0,0.8925,0.9066,0.6204,2.217,3,0.4606
44,12,1140.0,0.7469,0.9012,0.6383,1.5039,6,0.4423
44,13,2713.0,0.6668,1.0031,0.7348,1.3419,2,0.1022
44,14,1911.0,0.4905,1.013,0.753,1.1475,1,0.0613
45,1,1967.0,0.8645,0.8815,0.6073,1.9894,5,1.188
45,3,4941.0,0.8379,0.961,0.7198,1.8321,2,0.2361
45,4,2162.0,0.9021,0.919,0.6842,2.3175,2,0.4862
45,5,1147.0,0.6778,1.0255,0.7556,1.3601,0,0.0411
45,6,1376.0,0.7909,0.9978,0.7358,1.6341,3,0.1943
45,7,3751.0,0.8597,0.964,0.7076,1.9576,2,0.1851
45,8,3767.0,0.8155,0.9669,0.638,1.7279,2,0.193
45,9,2343.0,0.8504,0.9195,0.5579,1.9005,7,0.248
45,10,1263.0,0.7003,0.9734,0.716,1.4008,4,0.2398
46,1,3654.0,0.8268,0.9743,0.692,1.7777,3,0.1649
46,2,1541.0,0.5121,0.93,0.6429,1.1643,5,0.7797
46,4,2021.0,0.5138,1.0143,0.7679,1.1656,1,0.0502
46,6,1348.0,0.6548,0.8334,0.6323,1.3231,3,2.1679
46,7,1561.0,0.8931,0.9153,0.6377,2.2227,2,0.4737
46,8,3619.0,0.8194,0.9802,0.677,1.7445,2,0.1585
46,9,1480.0,0.8986,0.9299,0.625,2.279,3,0.3706
46,10,4522.0,0.854,0.9425,0.6489,1.9218,3,0.2579
46,11,2103.0,0.7084,0.9435,0.6927,1.4167,4,0.5932
46,12,1037.0,0.6932,0.9125,0.6184,1.3874,5,0.5917
46,13,1067.0,0.6929,0.9595,0.624,1.3869,3,0.3453
47,1,1166.0,0.6258,1.0269,0.7571,1.2821,0,0.0408
47,2,2425.0,0.5568,1.0106,0.738,1.2039,1,0.0524
47,3,2442.0,0.6705,0.9658,0.7033,1.3478,2,0.2756
47,4,1860.0,0.8917,0.9115,0.6705,2.2097,2,0.4911
47,5,3177.0,0.8397,0.9796,0.7564,1.8413,2,0.179
47,6,1803.0,0.9128,0.7849,0.5786,2.4488,5,0.9669
47,7,1758.0,0.9198,0.906,0.6511,2.5487,2,0.4544
47,8,1841.0,0.7387,0.9539,0.6934,1.4836,9,0.1896
47,9,1040.0,0.4963,1.0132,0.7843,1.1519,2,0.1864
48,2,2094.0,0.8949,0.9132,0.6884,2.2413,2,0.5395
48,3,1869.0,0.8714,0.9275,0.5975,2.0383,3,0.3775
48,4,1168.0,0.7149,1.0332,0.7865,1.4302,0,0.0407
48,5,3049.0,0.5548,1.0069,0.7619,1.2019,0,0.043
48,6,1889.0,0.9046,0.9242,0.5937,2.346,2,0.4215
48,7,3442.0,0.9013,0.8835,0.7242,2.3087,2,0.6646
48,9,1045.0,0.6534,1.0301,0.7594,1.321,0,0.045
48,10,1736.0,0.8346,0.9573,0.6644,1.8155,2,0.3182
48,11,1513.0,0.7692,1.022,0.7435,1.5648,0,0.0402
48,12,2255.0,0.8484,0.8934,0.6406,1.889,4,1.0371
49,1,1532.0,0.8302,0.9474,0.5901,1.7937,4,0.2823
49,2,4472.0,0.7859,0.9679,0.6425,1.6172,2,0.1936
49,3,1817.0,0.8416,0.9094,0.6562,1.8516,3,0.4478
49,4,2174.0,0.5751,1.013,0.7677,1.2224,0,0.0423
49,5,1152.0,0.5793,1.024,0.7273,1.2269,0,0.041
49,6,1102.0,0.7486,0.9817,0.7255,1.5083,2,0.3001
49,7,1660.0,0.6264,1.0222,0.775,1.2829,0,0.0369
50,1,2916.0,0.9227,0.7898,0.5951,2.5932,5,0.6893
50,2,2258.0,0.6107,0.998,0.7433,1.2628,5,0.0763
50,3,2362.0,0.5751,1.0085,0.747,1.2224,3,0.0688
50,4,1692.0,0.7085,0.9297,0.7293,1.4169,3,0.5876
50,6,1660.0,0.6674,0.8913,0.6444,1.3429,5,1.1406
50,7,1756.0,0.6027,1.0095,0.7256,1.2532,5,0.0664
50,8,3801.0,0.7994,0.9326,0.6168,1.6643,4,0.3517
50,9,2355.0,0.8569,0.9407,0.5761,1.9402,4,0.3367
51,1,1173.0,0.6797,1.028,0.7667,1.3634,1,0.0546
51,2,783.0,0.685,1.0392,0.7457,1.3725,1,0.0549
51,3,1309.0,0.7577,0.9056,0.6679,1.5322,2,0.8694
51,4,1853.0,0.5296,0.9802,0.6753,1.1789,3,0.2347
51,5,1840.0,0.9131,0.9182,0.6631,2.4527,2,0.4594
51,6,1917.0,0.8323,0.9107,0.6776,1.8041,2,0.5337
51,7,1479.0,0.7749,0.9499,0.6521,1.5819,2,0.4056
51,8,2004.0,0.5107,1.0098,0.7614,1.1631,2,0.0673
51,9,2338.0,0.9038,0.9004,0.6551,2.3363,2,0.4821
51,10,1679.0,0.9067,0.923,0.6483,2.3707,2,0.4446
52,1,1878.0,0.8829,0.8527,0.6362,2.13,4,0.6012
52,2,1220.0,0.888,0.9915,0.7644,2.1748,2,0.1695
52,3,1946.0,0.918,0.9057,0.5631,2.5223,2,0.5022
52,4,2194.0,0.6775,0.8745,0.6156,1.3596,3,1.9206
52,5,1672.0,0.7257,1.0,0.7031,1.4534,2,0.1463
52,6,4896.0,0.886,0.9296,0.7286,2.1566,2,0.3333
52,7,802.0,0.7209,1.0289,0.6944,1.4429,1,0.0531
52,8,2142.0,0.7404,0.8697,0.627,1.4877,2,2.1174
52,9,1952.0,0.4928,0.976,0.6959,1.1493,4,0.2636
52,10,1445.0,0.5534,0.9077,0.5903,1.2006,5,0.5515
52,11,2919.0,0.8577,0.8301,0.5792,1.9452,3,1.0311
52,12,2566.0,0.5071,1.0071,0.7685,1.1602,1,0.0549
52,13,3193.0,0.8523,0.9003,0.6719,1.9118,4,0.5786
52,14,1085.0,0.6505,0.948,0.5897,1.3167,3,0.3044
52,15,1467.0,0.6257,0.9909,0.6792,1.2819,5,0.1412
52,16,2285.0,0.7257,0.8474,0.6072,1.4535,3,1.5867
53,1,1469.0,0.6917,0.9336,0.642,1.3848,9,0.2775
53,2,5036.0,0.8674,0.9597,0.6447,2.0098,2,0.2385
53,3,1739.0,0.4839,0.8975,0.6518,1.1427,5,1.1405
53,4,1520.0,0.7941,0.9781,0.7156,1.6454,3,0.209
53,5,882.0,0.7915,1.0051,0.6447,1.6363,5,0.1867
53,6,2549.0,0.6885,0.9798,0.7098,1.3789,3,0.2968
53,8,1332.0,0.6971,0.9224,0.6195,1.3947,5,0.3914
53,9,2414.0,0.7533,0.972,0.6479,1.5206,7,0.2281
53,10,2549.0,0.6567,0.9988,0.697,1.3259,2,0.0826
53,11,3551.0,0.8542,0.9582,0.7423,1.9233,3,0.2232
53,12,2681.0,0.8719,0.8181,0.5773,2.0424,4,0.6353
53,13,3107.0,0.8703,0.839,0.5044,2.0303,4,1.2314
54,1,1204.0,0.6709,0.7375,0.5145,1.3485,3,2.1474
54,2,3652.0,0.7858,0.9494,0.6265,1.6167,8,0.2498
54,3,1500.0,0.6086,0.997,0.75,1.2603,2,0.1579
54,4,1616.0,0.8834,0.9071,0.6215,2.1338,2,0.4697
54,5,1268.0,0.7316,1.0251,0.7611,1.4668,0,0.0472
54,6,1845.0,0.9238,0.9186,0.6656,2.6121,2,0.4616
54,7,3038.0,0.4872,0.9905,0.7463,1.1451,2,0.1473
54,8,764.0,0.4023,1.0373,0.7717,1.0923,0,0.0466
54,9,1419.0,0.5659,1.0268,0.7883,1.2129,0,0.0369
54,10,2076.0,0.6848,0.9895,0.7522,1.3723,3,0.1904
54,11,2241.0,0.8484,0.9024,0.56,1.8888,2,0.5556
54,12,2002.0,0.8945,0.9016,0.6581,2.2368,2,0.5704
55,1,1960.0,0.9002,0.8669,0.6282,2.2968,3,0.5092
55,2,1715.0,0.8368,0.8824,0.6838,1.8264,4,0.8423
55,3,1220.0,0.8062,0.9919,0.706,1.6901,2,0.1992
55,4,1618.0,0.9133,0.9233,0.6262,2.4555,2,0.3942
55,6,1433.0,0.7495,1.0167,0.7655,1.5106,2,0.1022
55,7,4036.0,0.84,0.9622,0.7039,1.8429,2,0.2546
55,8,1030.0,0.7045,1.031,0.7551,1.4091,0,0.0494
56,1,1022.0,0.7658,1.0339,0.8009,1.5549,0,0.0455
56,2,941.0,0.7822,0.9792,0.7001,1.6052,2,0.3632
56,3,1705.0,0.8395,0.9342,0.5947,1.8406,2,0.4111
56,4,1180.0,0.6836,1.0288,0.7564,1.3701,0,0.0437
56,5,1680.0,0.891,0.8757,0.5296,2.2026,2,0.8051
56,6,1363.0,0.8586,0.9595,0.6884,1.9505,2,0.3546
56,7,1982.0,0.6632,0.9314,0.6882,1.3361,3,0.8694
56,8,1166.0,0.629,1.0314,0.7794,1.2863,0,0.0385
56,9,2364.0,0.9312,0.8733,0.6118,2.744,6,0.5396
57,2,1808.0,0.562,1.0163,0.7338,1.209,1,0.0925
57,3,2107.0,0.8412,0.9392,0.6872,1.8494,2,0.44
57,4,921.0,0.6926,1.0262,0.7344,1.3864,2,0.0917
57,5,3105.0,0.8747,0.9027,0.6136,2.0637,2,0.5542
57,6,2314.0,0.9024,0.9046,0.7055,2.3212,2,0.4708
57,8,1058.0,0.6506,1.0257,0.7633,1.3168,0,0.0447
57,9,1768.0,0.9025,0.9269,0.6821,2.3214,2,0.4204
57,10,1664.0,0.6664,1.006,0.7516,1.3412,3,0.1054
57,11,2127.0,0.7118,1.0031,0.7624,1.4238,1,0.1153
57,12,1579.0,0.7488,1.0187,0.7037,1.5087,0,0.0404
57,13,1516.0,0.8109,0.9815,0.7019,1.709,2,0.2262
57,14,1866.0,0.8644,0.9297,0.7205,1.9889,2,0.4433
57,15,2328.0,0.8415,0.8608,0.5427,1.851,2,0.7016
57,16,1416.0,0.7391,1.0265,0.7314,1.4845,0,0.0386
57,17,1277.0,0.6868,1.0257,0.7763,1.3758,0,0.043
57,18,1101.0,0.677,1.0333,0.782,1.3588,0,0.0478
57,19,1149.0,0.5958,1.0296,0.7635,1.2451,0,0.0411
57,20,1805.0,0.9066,0.9149,0.6592,2.3701,2,0.4583
57,21,2363.0,0.8689,0.9175,0.6502,2.0204,2,0.4867
57,22,4662.0,0.8833,0.9352,0.6195,2.1329,2,0.2937
57,23,2957.0,0.8614,0.9055,0.677,1.969,4,0.4845
58,1,4393.0,0.8833,0.9558,0.5832,2.1332,2,0.219
58,2,1435.0,0.7381,1.0254,0.7605,1.482,0,0.0384
58,3,3007.0,0.8301,0.9068,0.6675,1.7933,2,0.4567
58,4,1652.0,0.8727,0.9544,0.6517,2.0479,2,0.3087
58,5,3657.0,0.8138,0.9693,0.7421,1.7209,2,0.2454
58,6,2482.0,0.9182,0.9037,0.6635,2.5248,2,0.4829
58,7,5241.0,0.8406,0.9715,0.7177,1.8461,2,0.1843
58,8,2809.0,0.8922,0.8943,0.6533,2.2143,2,0.6054
58,9,1544.0,0.6379,0.8348,0.6266,1.2985,4,2.3664
59,1,2343.0,0.5735,0.9034,0.6675,1.2207,2,1.6249
59,2,2902.0,0.7749,0.9319,0.673,1.5822,3,0.2838
59,3,2110.0,0.586,1.0191,0.7829,1.2341,0,0.0327
59,4,835.0,0.5368,1.0373,0.7482,1.1853,1,0.0549
59,5,1540.0,0.7639,1.0046,0.6512,1.5496,2,0.1163
59,6,2828.0,0.8882,0.811,0.5125,2.1769,3,0.7392
59,7,1029.0,0.702,1.0337,0.7903,1.4042,1,0.0531
59,8,1679.0,0.8879,0.922,0.5617,2.1733,2,0.3765
59,9,824.0,0.6222,1.0378,0.7679,1.2774,1,0.0552
59,10,1860.0,0.6458,0.8591,0.5931,1.3097,4,1.1164
59,11,2299.0,0.8754,0.9101,0.6614,2.0684,2,0.5034
59,12,2200.0,0.8623,0.922,0.5867,1.9751,2,0.4352
59,13,1457.0,0.7374,0.9242,0.7032,1.4806,3,0.5489
59,14,1433.0,0.5817,0.9772,0.699,1.2294,2,0.3047
59,15,1305.0,0.6595,1.0251,0.7667,1.3304,0,0.0491
59,16,1382.0,0.2968,0.7627,0.6009,1.0472,2,2.2815
60,2,4459.0,0.8156,0.972,0.6976,1.7282,3,0.1693
60,3,2301.0,0.9114,0.9061,0.5218,2.4297,2,0.4329
60,4,2073.0,0.788,0.9442,0.6676,1.6241,2,0.3431
60,5,1492.0,0.7913,0.9917,0.7024,1.6354,3,0.2004
60,6,923.0,0.6659,1.0336,0.7444,1.3403,0,0.0424
60,7,1652.0,0.6576,1.0169,0.7329,1.3274,0,0.0458
60,8,3850.0,0.844,0.9686,0.7447,1.8645,2,0.1725
60,9,2789.0,0.704,0.9968,0.7248,1.408,2,0.1134
60,10,1699.0,0.7861,1.0247,0.7286,1.6179,0,0.0494
60,11,1698.0,0.7558,0.9675,0.7093,1.5273,3,0.4174
60,12,1800.0,0.817,0.9621,0.6645,1.7342,2,0.2906
60,13,2883.0,0.7504,0.8958,0.672,1.513,5,0.5008
61,1,2170.0,0.5071,1.0147,0.7769,1.1603,1,0.0599
61,2,2040.0,0.8753,0.8194,0.6005,2.0676,6,1.0203
61,3,2612.0,0.8897,0.8924,0.5183,2.1901,3,0.4449
61,4,2178.0,0.4632,0.9706,0.7071,1.1283,4,0.2528
61,5,4268.0,0.8532,0.9471,0.6054,1.9172,2,0.2634
61,6,1688.0,0.7318,0.8936,0.6327,1.4673,4,1.2344
61,7,2968.0,0.9012,0.8318,0.5075,2.3077,8,0.5423
61,8,2642.0,0.2749,0.982,0.7467,1.0401,2,0.2008
61,9,3401.0,0.7731,0.9713,0.6383,1.5764,3,0.1667
61,11,3002.0,0.7953,0.9268,0.6823,1.6498,4,0.3628
61,12,2406.0,0.8478,0.9355,0.6426,1.8856,7,0.1956
61,14,3659.0,0.5003,1.0037,0.7726,1.1549,1,0.0667
62,1,1570.0,0.656,1.0159,0.7302,1.3249,1,0.0828
62,2,1584.0,0.6392,0.9906,0.7084,1.3004,3,0.1606
62,3,1373.0,0.7027,1.0308,0.7688,1.4055,0,0.0398
62,4,1808.0,0.8953,0.9293,0.6694,2.2452,2,0.4033
62,5,1136.0,0.673,1.0211,0.7263,1.352,0,0.047
62,6,2184.0,0.8634,0.9304,0.6196,1.9824,2,0.3776
62,7,2283.0,0.805,0.9821,0.7461,1.6857,2,0.2162
62,8,1967.0,0.9206,0.9106,0.7299,2.5604,2,0.5047
62,9,1524.0,0.8554,0.9594,0.6804,1.9306,2,0.3384
62,10,1995.0,0.9047,0.9116,0.57,2.3474,2,0.4281
62,11,2048.0,0.8652,0.9311,0.5967,1.9943,2,0.4163
63,1,1329.0,0.7033,1.0255,0.7483,1.4067,0,0.0399
63,2,2055.0,0.6976,1.0204,0.774,1.3956,0,0.0345
63,3,1114.0,0.5525,1.0281,0.7578,1.1998,0,0.045
63,4,2334.0,0.9302,0.9119,0.6879,2.7247,2,0.4489
63,5,2115.0,0.9163,0.9069,0.5341,2.4966,2,0.4307
63,6,1690.0,0.8793,0.9473,0.6525,2.0995,3,0.3232
63,7,1214.0,0.7084,1.0279,0.7597,1.4167,0,0.0431
63,8,1815.0,0.854,0.953,0.6946,1.9223,2,0.3159
63,9,4021.0,0.8326,0.9783,0.7328,1.8055,2,0.1553
63,10,2264.0,0.903,0.8673,0.534,2.3277,6,0.4962
64,1,3233.0,0.8657,0.8757,0.6531,1.9979,6,0.4509
64,2,2578.0,0.8105,0.9183,0.6112,1.7071,4,0.4587
64,3,1643.0,0.6263,0.8898,0.6378,1.2828,4,0.8986
64,4,3534.0,0.7451,0.9876,0.7427,1.4994,2,0.1334
64,5,1774.0,0.8587,0.9494,0.6865,1.9513,2,0.3567
64,6,2311.0,0.5352,1.0059,0.768,1.1838,2,0.0991
64,7,2523.0,0.8609,0.9391,0.5682,1.9654,5,0.2644
64,8,432.0,0.3398,0.2494,0.1698,1.0633,11,4.1319
64,9,1411.0,0.5792,1.0232,0.7537,1.2267,0,0.0426
64,10,2255.0,0.539,1.0126,0.7517,1.1873,0,0.0354
64,11,4856.0,0.8172,0.968,0.6416,1.7351,2,0.2057
64,12,1686.0,0.5418,0.9323,0.6505,1.1898,6,0.2887
65,2,2616.0,0.5111,1.0017,0.7535,1.1635,4,0.1205
65,3,2695.0,0.92,0.8023,0.5231,2.5514,5,0.5822
65,4,1163.0,0.6712,0.9728,0.6447,1.3491,8,0.1464
65,5,3272.0,0.8551,0.89,0.6028,1.9287,5,0.5155
65,6,2877.0,0.9069,0.8583,0.6187,2.3735,5,0.5491
65,7,3245.0,0.7269,0.9746,0.6735,1.4561,3,0.1463
65,8,2908.0,0.5752,1.0061,0.7597,1.2225,1,0.0511
65,9,3148.0,0.8578,0.8835,0.6348,1.9454,5,0.6358
65,10,6176.0,0.8316,0.9184,0.7257,1.8006,2,0.4571
65,12,3316.0,0.7404,0.9669,0.6611,1.4877,6,0.1419
65,13,2779.0,0.8213,0.9412,0.6332,1.7531,6,0.4753
65,14,3604.0,0.801,0.9645,0.6754,1.6704,2,0.1793
65,15,1900.0,0.515,0.9901,0.7068,1.1666,6,0.104
65,16,3271.0,0.5911,0.9833,0.7328,1.2398,6,0.111
66,1,2104.0,0.9216,0.8463,0.4755,2.5766,3,0.5644
66,2,2034.0,0.9257,0.9084,0.7062,2.6443,2,0.4972
66,3,2761.0,0.5861,1.0123,0.7723,1.2342,1,0.0603
66,5,2377.0,0.8165,0.924,0.6438,1.732,5,0.2765
66,6,1066.0,0.6795,0.8814,0.5384,1.363,3,0.6251
66,7,1998.0,0.6003,0.9188,0.7011,1.2503,2,1.3055
66,8,1261.0,0.6111,0.9644,0.6707,1.2633,6,0.3677
66,9,2554.0,0.8852,0.9107,0.6339,2.1496,2,0.5061
66,11,1959.0,0.4359,1.0156,0.7864,1.1111,2,0.0629
66,12,1487.0,0.8324,0.9179,0.5719,1.8045,6,0.4079
66,13,1964.0,0.8886,0.8762,0.5979,2.1806,3,0.6116
67,2,998.0,0.5666,0.8931,0.5937,1.2136,3,1.1565
67,3,1657.0,0.7088,1.0209,0.7397,1.4177,1,0.0551
67,4,2114.0,0.8921,0.9197,0.5792,2.2129,2,0.4882
67,5,933.0,0.6126,1.0367,0.792,1.2652,0,0.0431
67,6,1883.0,0.5803,1.0173,0.7608,1.2279,0,0.0408
67,7,2170.0,0.8705,0.8973,0.6279,2.0321,2,0.5413
67,8,2727.0,0.8195,0.9243,0.6871,1.745,2,0.5435
67,9,1548.0,0.8353,0.9645,0.6935,1.8186,3,0.2696
67,10,1319.0,0.7096,1.0317,0.7851,1.4193,0,0.0402
67,11,963.0,0.7141,1.0277,0.7643,1.4285,1,0.0511
67,12,1493.0,0.7733,1.015,0.754,1.5772,1,0.0944
67,13,2359.0,0.617,1.0098,0.7561,1.2707,1,0.0577
67,14,2884.0,0.835,0.9158,0.6513,1.8175,2,0.5019
67,15,1663.0,0.7382,0.9462,0.7071,1.4823,3,0.7757
68,2,2666.0,0.9022,0.9013,0.5532,2.3184,2,0.5754
68,3,1632.0,0.9062,0.9339,0.6857,2.3653,2,0.3716
68,4,1588.0,0.8028,1.0124,0.7462,1.6771,2,0.0759
68,5,2096.0,0.7504,0.9343,0.6323,1.513,3,0.549
68,6,1710.0,0.6673,0.9864,0.723,1.3426,2,0.2028
68,7,2339.0,0.9069,0.9124,0.6356,2.3738,2,0.4628
68,8,2230.0,0.5366,0.8737,0.6423,1.1851,3,1.4713
68,9,2346.0,0.8877,0.9049,0.5329,2.1718,2,0.511
68,10,886.0,0.6673,1.0375,0.7483,1.3426,0,0.0409
68,11,1684.0,0.4671,1.0142,0.7655,1.131,2,0.0604
68,12,1461.0,0.6833,1.0231,0.7204,1.3696,0,0.0371
68,14,1764.0,0.6167,0.9795,0.75,1.2703,2,0.2532
68,15,3052.0,0.9291,0.882,0.5464,2.7032,3,0.6789
69,1,4306.0,0.8712,0.8552,0.6806,2.0371,3,1.1663
69,2,2701.0,0.8911,0.7504,0.4583,2.2039,3,2.5232
69,3,3139.0,0.56,0.9987,0.7694,1.207,2,0.1141
69,4,1419.0,0.7553,1.029,0.7797,1.5259,1,0.0529
69,5,2835.0,0.8707,0.9036,0.5568,2.0333,2,0.4853
69,6,2817.0,0.5195,1.0119,0.7722,1.1703,0,0.0447
69,7,1636.0,0.6699,0.8624,0.6378,1.347,3,2.2349
69,8,1840.0,0.913,0.9207,0.6812,2.4513,2,0.5154
69,9,3320.0,0.4943,1.007,0.7875,1.1503,1,0.0615
69,10,1959.0,0.7778,0.9669,0.6596,1.5911,4,0.2686
69,11,2944.0,0.8485,0.8962,0.5633,1.8899,4,0.7323
70,1,1138.0,0.7028,1.0206,0.7438,1.4057,0,0.0456
70,2,1900.0,0.9131,0.9052,0.6507,2.4527,2,0.5315
70,3,1786.0,0.911,0.924,0.5627,2.4252,2,0.3758
70,4,2324.0,0.8906,0.9038,0.5738,2.1984,2,0.6311
70,5,2086.0,0.6302,1.0181,0.774,1.288,0,0.0323
70,6,1835.0,0.7677,0.9562,0.6412,1.5606,2,0.3278
70,7,2869.0,0.8902,0.8888,0.6579,2.1949,2,0.6905
70,8,1444.0,0.4365,0.9656,0.7145,1.1115,4,0.3385
70,9,2497.0,0.861,0.9064,0.5442,1.9661,2,0.5438
70,11,3051.0,0.874,0.9098,0.5439,2.0581,2,0.5696
70,12,1834.0,0.8309,0.9678,0.6843,1.7973,2,0.2697
70,13,1234.0,0.4893,0.8563,0.6239,1.1467,2,1.2056
70,14,2085.0,0.8823,0.9226,0.5993,2.1244,2,0.4094
70,15,1938.0,0.4945,0.9144,0.6939,1.1505,2,1.0959
70,16,917.0,0.7187,1.0332,0.7642,1.4382,0,0.048
70,17,1532.0,0.5322,0.9065,0.6598,1.1812,2,1.0682
71,1,2074.0,0.7988,0.9651,0.6778,1.6621,2,0.2881
71,3,1143.0,0.652,1.0297,0.7818,1.3188,0,0.0444
71,4,2402.0,0.8502,0.8936,0.5515,1.8998,2,0.5214
71,5,1275.0,0.6064,1.0249,0.7603,1.2576,0,0.039
71,6,2565.0,0.7501,0.9546,0.6706,1.512,3,0.5017
71,7,1141.0,0.7683,1.0298,0.7831,1.5623,0,0.0453
71,9,1846.0,0.8807,0.9125,0.6842,2.1115,3,0.6549
71,10,2007.0,0.5921,0.8555,0.658,1.2409,1,2.0484
71,11,2238.0,0.6716,1.0194,0.7612,1.3496,0,0.034
71,12,1069.0,0.6409,1.0284,0.7614,1.3027,0,0.046
71,14,2149.0,0.8202,0.9551,0.6238,1.7481,2,0.352
72,1,3371.0,0.7777,0.8905,0.642,1.5908,4,1.0303
72,2,1711.0,0.6029,1.0163,0.7604,1.2535,3,0.0716
72,3,4798.0,0.8201,0.9639,0.735,1.7475,2,0.2393
72,5,1366.0,0.7724,0.5632,0.272,1.5746,4,1.9259
72,6,2107.0,0.4398,1.0096,0.7525,1.1134,2,0.0676
72,7,1031.0,0.6794,0.9377,0.6546,1.3629,4,0.5235
72,8,2091.0,0.7695,0.8799,0.6365,1.5657,4,1.3974
72,9,4451.0,0.8071,0.9538,0.7224,1.6936,4,0.2679
72,10,2833.0,0.8357,0.9233,0.5952,1.8208,2,0.4704
72,12,1687.0,0.8762,0.9055,0.633,2.0753,2,0.5345
72,13,4611.0,0.8241,0.9666,0.6242,1.7656,2,0.2184
72,14,2169.0,0.8946,0.9013,0.5764,2.2378,3,0.5728
73,1,1440.0,0.8991,0.9483,0.5581,2.2843,2,0.3062
73,2,2282.0,0.3083,1.016,0.7828,1.0512,0,0.0413
73,3,2506.0,0.8724,0.9023,0.5603,2.0461,2,0.5257
73,4,2194.0,0.5732,1.0172,0.7836,1.2203,0,0.0346
73,5,1513.0,0.6059,0.7323,0.5502,1.257,5,2.2545
73,6,1801.0,0.6973,1.0218,0.7657,1.3951,0,0.0374
73,7,2964.0,0.8808,0.7486,0.4867,2.1119,4,1.9772
73,8,1320.0,0.6904,1.026,0.7756,1.3824,0,0.0488
73,9,2772.0,0.6315,1.0109,0.7806,1.2897,1,0.0679
73,11,885.0,0.6144,1.0339,0.7682,1.2674,1,0.0505
73,12,2057.0,0.8955,0.9369,0.5651,2.247,2,0.3746
74,1,2461.0,0.5043,1.0113,0.7888,1.158,1,0.0659
74,2,3238.0,0.7852,0.877,0.563,1.6148,6,1.028
74,3,1627.0,0.6902,0.7761,0.6163,1.382,4,2.3341
74,4,1145.0,0.6824,1.0339,0.7886,1.368,0,0.0411
74,5,2075.0,0.886,0.9218,0.6288,2.1569,2,0.5226
74,7,2063.0,0.8786,0.9032,0.5949,2.0938,2,0.5998
74,8,686.0,0.2602,1.0394,0.7885,1.0357,1,0.0531
74,9,1168.0,0.3827,1.0332,0.8094,1.0824,0,0.0492
74,10,2485.0,0.9052,0.9045,0.5861,2.3528,2,0.5263
74,11,2693.0,0.8932,0.8986,0.5524,2.2244,2,0.5275
74,12,935.0,0.6994,1.0389,0.806,1.3991,0,0.043
74,13,2251.0,0.4132,1.0047,0.7594,1.0981,1,0.0537
74,14,934.0,0.6986,1.0258,0.7532,1.3976,3,0.0609
74,15,1634.0,0.9163,0.9149,0.7074,2.4965,2,0.4678
74,16,1002.0,0.4975,0.9291,0.7157,1.1528,3,0.5413
75,1,1824.0,0.8918,0.9175,0.606,2.2101,2,0.4395
75,2,1069.0,0.7278,1.0324,0.7663,1.4581,0,0.0394
75,3,1801.0,0.9046,0.9241,0.5266,2.3455,2,0.37
75,4,695.0,0.4814,1.0428,0.7722,1.1409,0,0.0425
75,5,1198.0,0.6602,1.0279,0.753,1.3314,0,0.0468
75,6,938.0,0.7032,1.0347,0.7817,1.4065,0,0.0454
75,7,1044.0,0.5696,1.0306,0.7676,1.2167,0,0.0476
75,8,1031.0,0.8215,1.001,0.7729,1.7538,2,0.1378
75,9,2376.0,0.6164,0.8487,0.6207,1.2699,3,2.1347
75,10,1021.0,0.6831,1.0298,0.7546,1.3693,0,0.047
75,11,874.0,0.6679,1.038,0.7931,1.3436,0,0.0487
75,12,963.0,0.7056,1.0272,0.7224,1.4111,2,0.0636
75,13,870.0,0.6188,1.0351,0.7552,1.2729,0,0.0472
76,1,1549.0,0.9125,0.8993,0.5763,2.4446,3,0.485
76,2,3598.0,0.8304,0.947,0.649,1.7947,3,0.2738
76,3,1565.0,0.5996,1.0225,0.7763,1.2495,0,0.038
76,4,2254.0,0.7156,1.0183,0.7735,1.4317,0,0.0368
76,5,1974.0,0.9182,0.9026,0.4994,2.5241,2,0.4762
76,6,4166.0,0.7077,0.9719,0.723,1.4154,2,0.2363
76,7,3996.0,0.5078,1.0001,0.755,1.1608,2,0.0798
76,8,1348.0,0.6779,0.944,0.666,1.3603,7,0.5103
77,2,1427.0,0.4224,0.993,0.7229,1.1033,8,0.1199
77,3,1979.0,0.8705,0.8882,0.5249,2.032,2,0.6468
77,4,1760.0,0.6364,0.8948,0.6162,1.2964,3,1.0722
77,5,1758.0,0.8045,0.9349,0.6497,1.6838,2,0.3912
77,6,3982.0,0.8253,0.9707,0.6946,1.771,2,0.2261
77,7,2406.0,0.5161,1.0135,0.7694,1.1675,0,0.0402
77,8,2546.0,0.7729,0.9488,0.6314,1.5759,6,0.3621
77,9,1651.0,0.8608,0.9172,0.5982,1.965,5,0.3592
78,1,2010.0,0.512,0.8947,0.6664,1.1642,3,0.9057
78,2,2646.0,0.5623,1.014,0.776,1.2093,0,0.0425
78,3,1337.0,0.5444,0.8406,0.5813,1.1922,4,1.9831
78,4,1324.0,0.212,0.8757,0.5757,1.0233,7,1.3451
78,5,1975.0,0.9081,0.8961,0.693,2.3877,2,0.5309
78,6,2230.0,0.441,1.0127,0.7797,1.1142,2,0.0589
78,7,3447.0,0.237,0.957,0.7254,1.0293,2,0.3662
78,8,2215.0,0.878,0.9095,0.5535,2.089,2,0.5439
78,9,1889.0,0.9022,0.8974,0.5164,2.318,2,0.5241
78,10,799.0,0.4961,1.0438,0.7833,1.1517,0,0.0397
78,11,1299.0,0.5488,1.0249,0.7596,1.1962,0,0.0405
78,12,1367.0,0.7052,1.0156,0.7409,1.4104,2,0.133
78,13,1870.0,0.6467,0.9483,0.666,1.3111,4,0.64
78,14,2152.0,0.4927,1.0103,0.7664,1.1491,1,0.0594
78,15,1659.0,0.6598,0.7978,0.5797,1.3307,5,2.2498
79,1,2235.0,0.5402,1.0088,0.754,1.1883,1,0.0583
79,2,1559.0,0.665,1.0029,0.7399,1.3389,3,0.1347
79,3,2273.0,0.8398,0.8523,0.5718,1.8419,7,0.6477
79,4,1735.0,0.5773,0.9847,0.6965,1.2247,7,0.1802
79,5,2626.0,0.721,0.9607,0.7214,1.443,6,0.1628
79,6,2495.0,0.5706,0.9854,0.7291,1.2177,4,0.1722
79,7,1449.0,0.8647,0.9722,0.6787,1.991,2,0.2508
79,8,1880.0,0.4724,1.0146,0.7711,1.1346,2,0.0517
79,9,2716.0,0.7069,0.9597,0.6807,1.4139,5,0.2765
79,10,2979.0,0.8966,0.9301,0.5422,2.258,4,0.446
79,11,2430.0,0.6518,0.9924,0.733,1.3185,2,0.1244
79,12,2193.0,0.4637,0.9957,0.7399,1.1287,1,0.1439
79,13,3976.0,0.8203,0.9758,0.6311,1.7486,2,0.1782
79,14,2943.0,0.7769,0.9551,0.7075,1.5883,5,0.2333
79,15,2726.0,0.6969,0.9526,0.7046,1.3943,4,0.2972
80,1,1229.0,0.7511,0.9468,0.6779,1.5147,4,0.5755
80,2,1434.0,0.858,0.9391,0.5787,1.9468,3,0.3342
80,3,1961.0,0.457,0.9754,0.7131,1.1243,3,0.1443
80,4,2580.0,0.6197,0.8209,0.5874,1.2742,4,1.7295
80,5,1310.0,0.7297,0.9861,0.6636,1.4624,5,0.2424
80,6,3353.0,0.901,0.8887,0.5945,2.3047,4,0.6023
80,7,2855.0,0.717,0.7778,0.5292,1.4346,4,1.3652
80,8,2529.0,0.4428,0.9912,0.7416,1.1153,3,0.1488
80,9,1933.0,0.5997,1.0139,0.7616,1.2496,1,0.0633
80,10,2549.0,0.4708,0.9811,0.7342,1.1335,4,0.1738
80,11,2403.0,0.838,0.9403,0.6454,1.8326,4,0.3369
80,12,2063.0,0.762,0.977,0.6993,1.5443,4,0.2346
80,13,1495.0,0.6021,0.9537,0.688,1.2525,4,0.2892
81,1,1846.0,0.8592,0.8552,0.5816,1.9543,7,0.5626
81,2,2674.0,0.6769,1.0041,0.7391,1.3585,2,0.0823
81,3,1546.0,0.6065,0.9757,0.7191,1.2577,4,0.2319
81,4,2683.0,0.3291,1.0086,0.771,1.059,1,0.0569
81,5,2955.0,0.8794,0.8862,0.6037,2.1005,4,0.5582
81,6,2606.0,0.9437,0.792,0.4258,3.0226,2,0.538
81,7,2614.0,0.4282,1.0065,0.7529,1.1066,2,0.0612
81,8,2124.0,0.3155,1.0002,0.7427,1.0538,1,0.1257
81,9,2086.0,0.6462,0.9575,0.6898,1.3103,3,0.2251
81,10,1870.0,0.6014,0.9788,0.7083,1.2516,6,0.1302
81,11,3315.0,0.6177,1.0033,0.7654,1.2716,2,0.0688
81,12,2334.0,0.8745,0.8961,0.6959,2.062,5,0.4818
81,13,2473.0,0.863,0.9019,0.6297,1.9791,4,0.5101
81,14,4458.0,0.7679,0.9617,0.6486,1.561,6,0.2025
82,2,1889.0,0.9295,0.8253,0.5111,2.7113,5,0.5752
82,3,2228.0,0.4897,1.0084,0.7651,1.147,1,0.0521
82,4,3904.0,0.8228,0.9661,0.6259,1.7593,2,0.2359
82,5,1614.0,0.6967,0.98,0.6868,1.3941,5,0.2125
82,6,3417.0,0.8319,0.9617,0.6669,1.8019,2,0.183
82,8,1877.0,0.5018,1.0083,0.7511,1.1561,1,0.0684
82,9,2210.0,0.59,0.9989,0.7517,1.2385,4,0.1215
82,10,1415.0,0.5053,1.0125,0.7503,1.1588,1,0.0596
83,1,1369.0,0.8184,0.9828,0.6797,1.74,2,0.2507
83,2,894.0,0.6745,1.0317,0.7525,1.3545,0,0.0465
83,3,2182.0,0.533,1.0121,0.7656,1.1819,1,0.0508
83,4,2231.0,0.8503,0.9181,0.6523,1.8999,2,0.5001
83,5,3507.0,0.8211,0.9761,0.6912,1.7521,2,0.1609
83,6,1730.0,0.8212,0.9192,0.5749,1.7522,3,0.4325
83,7,4608.0,0.8074,0.9584,0.6957,1.6951,2,0.2311
84,1,1662.0,0.8895,0.9213,0.6789,2.1881,2,0.4647
84,2,1901.0,0.9123,0.908,0.676,2.4415,2,0.5221
84,3,2213.0,0.896,0.9042,0.534,2.2519,2,0.5216
84,4,842.0,0.7205,1.0331,0.7641,1.442,1,0.0501
84,6,2141.0,0.9044,0.9109,0.6695,2.3439,2,0.5647
84,7,822.0,0.5012,1.0398,0.8059,1.1556,0,0.0449
84,8,1464.0,0.4784,1.0241,0.7762,1.1388,0,0.0393
84,9,1369.0,0.6687,1.0266,0.7708,1.3449,0,0.0393
84,10,1940.0,0.7177,1.0235,0.7779,1.4361,0,0.0413
84,11,1839.0,0.4687,0.9113,0.6811,1.132,3,1.2015
84,12,1276.0,0.6859,1.0278,0.7757,1.3742,0,0.039
84,13,1968.0,0.9077,0.909,0.64,2.3826,2,0.478
84,14,1948.0,0.8518,0.8932,0.6024,1.9089,2,0.6645
84,15,1332.0,0.5313,0.8804,0.6472,1.1804,3,1.6171
84,16,1241.0,0.7907,1.0131,0.7182,1.6334,2,0.0987
85,1,2532.0,0.8292,0.9096,0.6484,1.7889,5,0.5734
85,2,1131.0,0.6477,1.0301,0.7694,1.3125,0,0.0494
85,3,2281.0,0.6832,1.014,0.7603,1.3694,0,0.0489
85,5,1839.0,0.9219,0.9077,0.5702,2.5816,2,0.4429
85,6,1004.0,0.5879,1.034,0.7801,1.2362,0,0.0415
85,7,2712.0,0.4589,1.0065,0.7552,1.1255,1,0.0601
85,8,1632.0,0.789,0.9244,0.7041,1.6277,2,0.4996
85,9,1181.0,0.6422,1.0252,0.7669,1.3046,0,0.0423
85,10,2400.0,0.4661,1.0105,0.7692,1.1303,1,0.0506
85,11,1652.0,0.9058,0.9397,0.5351,2.3601,2,0.3691
85,12,2356.0,0.9173,0.906,0.5594,2.5118,2,0.486
85,13,1985.0,0.872,0.9421,0.6474,2.0427,5,0.3706
86,1,1385.0,0.679,1.0274,0.7851,1.3621,0,0.0355
86,2,826.0,0.5648,1.0377,0.8138,1.2118,1,0.0523
86,3,1152.0,0.7262,1.0304,0.7826,1.4546,0,0.0496
86,4,1584.0,0.9054,0.9114,0.5625,2.3558,2,0.4652
86,5,2257.0,0.6194,1.0148,0.7837,1.2738,1,0.0667
86,6,1321.0,0.5387,1.0252,0.7725,1.1869,2,0.0617
86,7,673.0,0.3874,1.0394,0.7753,1.0847,2,0.0761
86,8,374.0,0.4786,0.898,0.6023,1.1389,6,0.6133
86,9,2501.0,0.4559,1.0152,0.7719,1.1236,0,0.0395
86,10,1873.0,0.7909,0.967,0.6757,1.634,3,0.2729
86,11,2198.0,0.5221,1.0106,0.7712,1.1725,1,0.0518
86,12,1160.0,0.7469,1.0243,0.7082,1.504,0,0.0466
86,13,2065.0,0.6595,0.9985,0.7241,1.3304,3,0.1152
86,14,2038.0,0.5546,1.0037,0.7582,1.2018,3,0.061
86,15,1903.0,0.7313,0.9599,0.7138,1.4661,4,0.2887
87,1,1552.0,0.6193,1.0187,0.7846,1.2737,1,0.0784
87,2,545.0,0.3235,1.0542,0.8385,1.0568,1,0.0596
87,3,1648.0,0.7587,0.9976,0.7043,1.5351,2,0.1574
87,4,2347.0,0.6051,1.0066,0.7571,1.256,0,0.0443
87,5,3786.0,0.6529,1.0089,0.7856,1.3203,0,0.0407
88,1,2231.0,0.5814,1.0113,0.7527,1.2291,2,0.0589
88,2,2176.0,0.3733,0.9927,0.7341,1.0779,2,0.1432
88,3,895.0,0.7116,1.0359,0.765,1.4233,0,0.0486
88,4,3581.0,0.7612,0.9807,0.7439,1.5419,2,0.1304
88,5,2222.0,0.9245,0.8755,0.5275,2.6232,2,0.6425
88,6,2292.0,0.5257,1.0135,0.7722,1.1756,1,0.0508
88,7,2184.0,0.4893,1.0081,0.7775,1.1466,1,0.1126
88,8,1649.0,0.6313,0.9934,0.7236,1.2895,2,0.1898
88,9,1631.0,0.7929,0.9654,0.6745,1.6411,2,0.2678
88,10,2973.0,0.7923,0.9446,0.7012,1.6389,7,0.2456
89,1,2566.0,0.5465,1.01,0.7425,1.1941,0,0.0461
89,2,1950.0,0.8893,0.908,0.6842,2.1865,2,0.5221
89,3,1905.0,0.9196,0.9033,0.7069,2.5457,2,0.5543
89,4,1825.0,0.685,1.0201,0.7949,1.3725,0,0.0371
89,5,2861.0,0.5242,0.9997,0.7625,1.1742,1,0.1446
89,6,1534.0,0.8434,0.8247,0.5371,1.8612,5,2.0957
89,7,1416.0,0.6374,1.0268,0.7725,1.2978,0,0.0399
89,8,2230.0,0.6176,1.0199,0.7743,1.2715,0,0.0371
89,9,1546.0,0.7358,1.0242,0.7738,1.4767,0,0.0474
89,10,1928.0,0.9298,0.9062,0.501,2.7176,2,0.453
89,11,1777.0,0.9104,0.9236,0.6328,2.4175,2,0.4351
89,13,1593.0,0.7349,0.9797,0.6987,1.4746,2,0.25
89,14,2177.0,0.4096,0.9717,0.7073,1.0962,1,0.4096
89,15,3489.0,0.561,1.0042,0.7605,1.208,2,0.0632
89,16,2171.0,0.665,0.9729,0.6866,1.339,4,0.2269
89,17,4869.0,0.8434,0.962,0.7551,1.8615,2,0.2582
90,1,2347.0,0.5622,0.9702,0.7244,1.2092,4,0.3494
90,2,2385.0,0.8023,0.7856,0.5272,1.6753,4,1.6424
90,4,1551.0,0.8986,0.9324,0.5818,2.2789,2,0.4203
90,5,2302.0,0.8472,0.9193,0.657,1.8821,2,0.4921
90,6,1817.0,0.8804,0.7642,0.5456,2.1084,4,2.6368
90,7,1577.0,0.7617,0.8108,0.5821,1.5433,6,2.4421
90,8,1418.0,0.8216,0.9766,0.6867,1.7544,2,0.235
91,1,3050.0,0.6192,1.0113,0.7644,1.2735,0,0.0321
91,2,2084.0,0.8845,0.7423,0.5231,2.1432,4,2.7782
91,3,1044.0,0.6657,1.0255,0.7489,1.3401,0,0.045
91,4,1813.0,0.4769,0.9281,0.6715,1.1377,1,0.9456
91,5,2162.0,0.9159,0.9031,0.5949,2.4908,3,0.4941
91,6,1843.0,0.9349,0.9003,0.4571,2.8178,2,0.4263
91,7,1376.0,0.39,1.0265,0.78,1.086,0,0.0444
91,8,1121.0,0.4419,1.0247,0.7785,1.1148,2,0.0556
91,9,2925.0,0.6697,0.969,0.6908,1.3466,4,0.2092
91,10,794.0,0.2594,1.0285,0.7318,1.0355,3,0.0988
91,11,2467.0,0.8994,0.8897,0.5818,2.2878,2,0.5131
91,12,711.0,0.3557,1.0342,0.7167,1.07,1,0.074
91,13,3846.0,0.7611,0.8702,0.6013,1.5416,5,1.5191
91,15,1729.0,0.9098,0.9114,0.5954,2.4096,2,0.507
91,16,1994.0,0.9153,0.8962,0.5858,2.4833,2,0.4971
91,17,1592.0,0.8873,0.9329,0.5676,2.1686,2,0.3842
92,1,876.0,0.4817,1.03,0.8051,1.1411,2,0.0599
92,2,3038.0,0.4995,1.006,0.7463,1.1543,0,0.0431
92,4,1556.0,0.7287,1.0227,0.7204,1.4601,0,0.0384
92,6,1145.0,0.6513,1.0232,0.7484,1.3178,1,0.0524
92,7,1684.0,0.8962,0.9263,0.5377,2.254,2,0.3887
92,9,2447.0,0.9014,0.8696,0.6273,2.3099,2,0.7564
92,10,1686.0,0.8819,0.8351,0.5694,2.1214,5,1.6971
92,11,1285.0,0.6537,1.0259,0.776,1.3215,0,0.0442
92,12,2795.0,0.5939,0.9769,0.7271,1.243,6,0.3862
92,13,1363.0,0.6319,1.0233,0.7572,1.2902,0,0.0394
92,14,2203.0,0.8953,0.9032,0.664,2.2449,2,0.6912
92,15,2157.0,0.8375,0.9413,0.6166,1.83,2,0.4398
92,16,1119.0,0.6027,1.0257,0.7561,1.2531,1,0.053
92,17,1086.0,0.6727,1.027,0.7526,1.3516,0,0.0422
92,18,1879.0,0.7213,1.0193,0.7403,1.4437,0,0.0361
93,1,2446.0,0.8239,0.9163,0.5978,1.7644,6,0.7046
93,2,3338.0,0.7932,0.9819,0.6669,1.642,2,0.1436
93,3,1907.0,0.9127,0.7946,0.4447,2.4476,4,0.7331
93,4,2569.0,0.816,0.9645,0.6184,1.7299,3,0.1948
93,6,1533.0,0.3476,1.0115,0.7574,1.0665,4,0.066
93,7,2396.0,0.7022,0.9963,0.7012,1.4045,2,0.1245
93,8,4020.0,0.8214,0.9599,0.7453,1.7534,2,0.2635
93,9,2314.0,0.5975,1.0081,0.7438,1.247,2,0.0866
93,10,2021.0,0.5454,1.006,0.7621,1.1931,3,0.0619
93,11,2752.0,0.5544,1.0103,0.7653,1.2016,1,0.0537
93,12,1115.0,0.5682,0.9876,0.6824,1.2152,4,0.282
93,13,1611.0,0.5964,0.9975,0.7179,1.2459,8,0.1333
93,14,2176.0,0.6225,0.9979,0.7356,1.2777,6,0.0772
94,1,3110.0,0.6147,0.9394,0.7179,1.2678,3,0.437
94,2,2303.0,0.79,0.8308,0.5923,1.631,4,1.8184
94,4,4032.0,0.775,0.96,0.6993,1.5823,4,0.2155
94,5,2665.0,0.8021,0.8626,0.6447,1.6746,4,0.7425
94,6,550.0,0.3021,1.0101,0.7555,1.049,7,0.1984
94,8,2575.0,0.7293,0.7649,0.5554,1.4617,3,2.4463
94,9,2063.0,0.7584,0.8995,0.6361,1.5341,4,0.5503
95,2,1570.0,0.5724,0.9959,0.7282,1.2195,5,0.2109
95,4,3617.0,0.6871,0.9537,0.6704,1.3763,3,0.3083
95,5,1523.0,0.3813,0.9893,0.7365,1.0817,3,0.2078
95,6,1521.0,0.5845,0.9848,0.7243,1.2325,8,0.1829
95,7,1769.0,0.3972,1.0164,0.7848,1.0897,1,0.0565
95,8,1796.0,0.573,1.0003,0.7349,1.2202,3,0.1756
95,9,3548.0,0.8554,0.9336,0.6863,1.9306,4,0.3174
95,10,2189.0,0.7665,0.816,0.6334,1.5572,6,1.0325
95,11,2613.0,0.8294,0.9442,0.6088,1.79,5,0.2143
95,12,4275.0,0.8329,0.9636,0.7068,1.8071,3,0.2388
95,14,3161.0,0.8445,0.9409,0.5852,1.8673,3,0.3022
95,16,570.0,0.6069,0.8079,0.546,1.2582,8,0.7383
95,18,1647.0,0.8726,0.9102,0.6033,2.0472,7,0.3209
96,1,1731.0,0.5068,1.0073,0.7542,1.16,3,0.1333
96,2,3156.0,0.7935,0.9712,0.7352,1.6433,3,0.1688
96,3,2445.0,0.5188,1.011,0.7665,1.1697,1,0.0686
96,4,2536.0,0.6061,1.0142,0.7718,1.2572,0,0.0352
96,5,2372.0,0.736,0.9723,0.6875,1.4772,3,0.1904
96,6,2292.0,0.8488,0.8605,0.5645,1.8913,6,0.5999
96,7,2567.0,0.6405,0.9464,0.6678,1.3021,3,0.2503
96,8,3210.0,0.8277,0.944,0.6833,1.7818,4,0.2284
96,9,3550.0,0.8239,0.9669,0.7035,1.7647,4,0.1577
96,10,1647.0,0.4975,1.0046,0.7307,1.1528,5,0.0829
96,11,1924.0,0.5462,1.0092,0.7443,1.1938,2,0.0725
96,12,1656.0,0.449,0.9994,0.766,1.1191,8,0.0584
96,13,2211.0,0.6912,0.977,0.6837,1.3837,3,0.1707
96,14,2202.0,0.401,1.015,0.7699,1.0916,1,0.0518
96,15,3658.0,0.8156,0.976,0.6351,1.7282,2,0.1421
96,16,2153.0,0.5832,0.9718,0.6901,1.231,5,0.2408
96,18,1453.0,0.7379,0.9553,0.6919,1.4817,5,0.3956
96,19,2347.0,0.576,0.9911,0.6869,1.2233,6,0.1195
97,1,1606.0,0.5519,0.9997,0.7604,1.1991,3,0.1641
97,2,2621.0,0.8612,0.9283,0.638,1.9674,4,0.4309
97,4,1616.0,0.7068,0.7583,0.4983,1.4136,5,0.7568
97,5,2231.0,0.4792,1.0056,0.7542,1.1393,3,0.0796
97,6,3493.0,0.6747,0.9926,0.6841,1.3549,2,0.1337
97,8,2122.0,0.764,0.8779,0.5896,1.5497,5,0.494
97,9,3160.0,0.7871,0.9716,0.7169,1.6213,3,0.1973
97,10,3478.0,0.9104,0.9068,0.5055,2.417,6,0.3132
97,12,2374.0,0.4559,0.9816,0.7465,1.1236,1,0.212
97,14,3494.0,0.8093,0.9708,0.6933,1.7025,2,0.1997
97,15,1662.0,0.5539,1.0039,0.7537,1.2011,6,0.0715
97,16,2482.0,0.3759,0.8981,0.6563,1.0791,3,1.1742
97,17,2431.0,0.798,0.8504,0.6272,1.6593,5,1.4764
97,18,3555.0,0.8391,0.9687,0.6182,1.8382,3,0.2065
97,19,3705.0,0.81,0.9657,0.6706,1.7054,3,0.187
97,20,4032.0,0.8327,0.9786,0.7556,1.8058,2,0.1542
97,21,3161.0,0.7643,0.9515,0.6818,1.5507,6,0.2382
97,22,1876.0,0.5992,0.9939,0.7283,1.2491,5,0.1615
98,1,2681.0,0.8828,0.7104,0.5604,2.129,4,2.7336
98,2,2940.0,0.7299,0.9743,0.7249,1.4631,3,0.2078
98,3,3802.0,0.8145,0.9709,0.7495,1.7238,3,0.1636
98,4,2443.0,0.6876,0.9982,0.7262,1.3772,2,0.1443
98,6,1502.0,0.6456,0.9662,0.7298,1.3095,8,0.2238
98,8,2457.0,0.6424,1.0132,0.7306,1.3048,0,0.0465
98,9,3293.0,0.6838,0.985,0.7503,1.3705,2,0.1381
98,10,1727.0,0.737,1.0168,0.7476,1.4795,1,0.0543
98,11,2262.0,0.8258,0.8437,0.5994,1.7733,7,1.1834
98,12,1501.0,0.7684,1.019,0.7244,1.5627,0,0.0481
98,13,2603.0,0.8651,0.834,0.5847,1.9938,4,1.9456
98,14,2502.0,0.6091,0.9936,0.7402,1.2609,3,0.1426
98,15,2094.0,0.2079,1.017,0.7896,1.0223,0,0.0431
98,16,2218.0,0.5646,0.9296,0.6625,1.2116,2,1.0911
98,17,2488.0,0.555,0.983,0.7313,1.2022,7,0.1911
99,1,1982.0,0.8656,0.9151,0.7346,1.9972,4,0.3398
99,2,653.0,0.5646,0.8198,0.582,1.2116,5,1.5582
99,3,1135.0,0.5921,1.0318,0.7866,1.2409,0,0.0499
99,4,1543.0,0.6888,0.9326,0.684,1.3793,5,0.6848
99,5,1283.0,0.8799,0.9379,0.6573,2.1049,2,0.3767
99,7,1802.0,0.7739,1.0253,0.7711,1.5791,0,0.0328
99,8,3003.0,0.9036,0.8817,0.6045,2.3344,6,0.6345
99,9,3498.0,0.845,0.9607,0.7067,1.8698,3,0.2202
99,10,2173.0,0.93,0.9032,0.5325,2.7215,2,0.5181
99,11,2114.0,0.8658,0.9173,0.6218,1.9982,7,0.4655
99,12,1819.0,0.8493,0.809,0.5742,1.8943,4,2.0432
100,1,1901.0,0.8208,0.9524,0.6656,1.7505,4,0.3494
100,3,1154.0,0.4399,0.8495,0.6119,1.1135,4,1.7966
100,4,3238.0,0.6638,0.9893,0.7782,1.3371,3,0.1393
100,5,619.0,0.2034,1.0334,0.7895,1.0214,4,0.1211
100,6,973.0,0.7001,1.0269,0.7371,1.4004,0,0.0493
100,7,1248.0,0.6168,1.0242,0.7376,1.2705,1,0.0747
100,8,2295.0,0.9042,0.9134,0.613,2.341,2,0.4268
100,9,1738.0,0.6805,0.8272,0.5962,1.3647,4,2.0783
100,11,1249.0,0.6479,1.0117,0.771,1.3127,1,0.1209
100,12,2398.0,0.811,0.951,0.7365,1.7095,3,0.3679
100,13,1475.0,0.8276,0.8275,0.6045,1.7817,3,2.1691
100,14,2410.0,0.8168,0.877,0.5983,1.7332,3,0.5028
100,15,3846.0,0.5369,1.0008,0.7875,1.1853,3,0.0697
100,16,1830.0,0.6387,1.0005,0.7562,1.2997,2,0.2413
100,17,2808.0,0.6495,0.9966,0.7091,1.3151,2,0.1104
