frame,cell_label,split,crop_path,modern_budding
36,1,train,non_budding/frame36_cell1.tif,False
36,2,train,non_budding/frame36_cell2.tif,False
36,4,train,non_budding/frame36_cell4.tif,False
36,5,train,non_budding/frame36_cell5.tif,False
36,6,train,non_budding/frame36_cell6.tif,False
36,7,train,non_budding/frame36_cell7.tif,False
36,8,train,non_budding/frame36_cell8.tif,False
36,9,train,non_budding/frame36_cell9.tif,False
36,10,train,non_budding/frame36_cell10.tif,False
36,11,train,budding/frame36_cell11.tif,True
36,12,train,non_budding/frame36_cell12.tif,False
36,13,train,budding/frame36_cell13.tif,True
36,14,train,non_budding/frame36_cell14.tif,False
36,15,train,non_budding/frame36_cell15.tif,False
36,16,train,non_budding/frame36_cell16.tif,False
36,17,train,non_budding/frame36_cell17.tif,False
68,2,train,budding/frame68_cell2.tif,True
68,3,train,budding/frame68_cell3.tif,True
68,4,train,non_budding/frame68_cell4.tif,False
68,5,train,non_budding/frame68_cell5.tif,False
68,6,train,non_budding/frame68_cell6.tif,False
68,7,train,budding/frame68_cell7.tif,True
68,8,train,non_budding/frame68_cell8.tif,False
68,9,train,budding/frame68_cell9.tif,True
68,10,train,non_budding/frame68_cell10.tif,False
68,11,train,non_budding/frame68_cell11.tif,False
68,12,train,non_budding/frame68_cell12.tif,False
68,14,train,non_budding/frame68_cell14.tif,False
31,1,train,non_budding/frame31_cell1.tif,False
31,2,train,budding/frame31_cell2.tif,True
31,3,train,budding/frame31_cell3.tif,True
31,4,train,budding/frame31_cell4.tif,True
31,5,train,non_budding/frame31_cell5.tif,False
31,6,train,non_budding/frame31_cell6.tif,False
31,7,train,budding/frame31_cell7.tif,True
31,8,train,budding/frame31_cell8.tif,True
33,1,train,budding/frame33_cell1.tif,True
33,3,train,non_budding/frame33_cell3.tif,False
33,4,train,budding/frame33_cell4.tif,True
33,5,train,non_budding/frame33_cell5.tif,False
33,6,train,non_budding/frame33_cell6.tif,False
33,7,train,non_budding/frame33_cell7.tif,False
33,8,train,non_budding/frame33_cell8.tif,False
33,9,train,non_budding/frame33_cell9.tif,False
33,10,train,budding/frame33_cell10.tif,True
33,11,train,non_budding/frame33_cell11.tif,False
33,12,train,non_budding/frame33_cell12.tif,False
1,3,train,non_budding/frame1_cell3.tif,False
1,4,train,non_budding/frame1_cell4.tif,False
1,5,train,non_budding/frame1_cell5.tif,False
1,6,train,non_budding/frame1_cell6.tif,False
1,7,train,non_budding/frame1_cell7.tif,False
1,10,train,non_budding/frame1_cell10.tif,False
1,11,train,non_budding/frame1_cell11.tif,False
1,12,train,budding/frame1_cell12.tif,True
1,13,train,non_budding/frame1_cell13.tif,False
1,14,train,non_budding/frame1_cell14.tif,False
1,15,train,budding/frame1_cell15.tif,True
1,16,train,non_budding/frame1_cell16.tif,False
15,1,train,budding/frame15_cell1.tif,True
15,2,train,non_budding/frame15_cell2.tif,False
15,3,train,non_budding/frame15_cell3.tif,False
15,5,train,non_budding/frame15_cell5.tif,False
15,6,train,non_budding/frame15_cell6.tif,False
15,7,train,non_budding/frame15_cell7.tif,False
15,9,train,non_budding/frame15_cell9.tif,False
15,10,train,non_budding/frame15_cell10.tif,False
15,11,train,non_budding/frame15_cell11.tif,False
15,12,train,budding/frame15_cell12.tif,True
52,2,train,budding/frame52_cell2.tif,True
52,3,train,budding/frame52_cell3.tif,True
52,4,train,non_budding/frame52_cell4.tif,False
52,5,train,non_budding/frame52_cell5.tif,False
52,6,train,budding/frame52_cell6.tif,True
52,7,train,non_budding/frame52_cell7.tif,False
52,8,train,non_budding/frame52_cell8.tif,False
52,9,train,non_budding/frame52_cell9.tif,False
52,10,train,non_budding/frame52_cell10.tif,False
52,11,train,budding/frame52_cell11.tif,True
52,12,train,non_budding/frame52_cell12.tif,False
52,13,train,budding/frame52_cell13.tif,True
52,14,train,non_budding/frame52_cell14.tif,False
52,16,train,budding/frame52_cell16.tif,True
72,2,train,non_budding/frame72_cell2.tif,False
72,3,train,budding/frame72_cell3.tif,True
72,5,train,non_budding/frame72_cell5.tif,False
72,6,train,non_budding/frame72_cell6.tif,False
72,8,train,budding/frame72_cell8.tif,True
72,9,train,budding/frame72_cell9.tif,True
72,10,train,budding/frame72_cell10.tif,True
72,12,train,budding/frame72_cell12.tif,True
72,13,train,budding/frame72_cell13.tif,True
72,14,train,budding/frame72_cell14.tif,True
63,1,train,non_budding/frame63_cell1.tif,False
63,2,train,non_budding/frame63_cell2.tif,False
63,3,train,non_budding/frame63_cell3.tif,False
63,4,train,budding/frame63_cell4.tif,True
63,5,train,budding/frame63_cell5.tif,True
63,6,train,budding/frame63_cell6.tif,True
63,7,train,non_budding/frame63_cell7.tif,False
63,8,train,budding/frame63_cell8.tif,True
63,9,train,budding/frame63_cell9.tif,True
63,10,train,budding/frame63_cell10.tif,True
88,1,train,non_budding/frame88_cell1.tif,False
88,3,train,non_budding/frame88_cell3.tif,False
88,4,train,non_budding/frame88_cell4.tif,False
88,5,train,budding/frame88_cell5.tif,True
88,6,train,non_budding/frame88_cell6.tif,False
88,7,train,non_budding/frame88_cell7.tif,False
88,8,train,non_budding/frame88_cell8.tif,False
88,9,train,budding/frame88_cell9.tif,True
26,1,train,budding/frame26_cell1.tif,True
26,2,train,non_budding/frame26_cell2.tif,False
26,3,train,budding/frame26_cell3.tif,True
26,4,train,non_budding/frame26_cell4.tif,False
26,5,train,non_budding/frame26_cell5.tif,False
26,6,train,non_budding/frame26_cell6.tif,False
26,7,train,non_budding/frame26_cell7.tif,False
26,8,train,non_budding/frame26_cell8.tif,False
26,9,train,budding/frame26_cell9.tif,True
26,13,train,non_budding/frame26_cell13.tif,False
41,1,train,budding/frame41_cell1.tif,True
41,2,train,non_budding/frame41_cell2.tif,False
41,3,train,non_budding/frame41_cell3.tif,False
41,4,train,budding/frame41_cell4.tif,True
41,5,train,non_budding/frame41_cell5.tif,False
41,7,train,non_budding/frame41_cell7.tif,False
41,8,train,budding/frame41_cell8.tif,True
41,9,train,non_budding/frame41_cell9.tif,False
41,10,train,non_budding/frame41_cell10.tif,False
41,11,train,budding/frame41_cell11.tif,True
27,1,train,budding/frame27_cell1.tif,True
27,2,train,budding/frame27_cell2.tif,True
27,4,train,non_budding/frame27_cell4.tif,False
27,5,train,non_budding/frame27_cell5.tif,False
27,6,train,budding/frame27_cell6.tif,True
27,7,train,budding/frame27_cell7.tif,True
27,8,train,budding/frame27_cell8.tif,True
27,10,train,budding/frame27_cell10.tif,True
27,11,train,budding/frame27_cell11.tif,True
27,13,train,non_budding/frame27_cell13.tif,False
27,14,train,budding/frame27_cell14.tif,True
27,15,train,non_budding/frame27_cell15.tif,False
27,16,train,non_budding/frame27_cell16.tif,False
43,1,train,non_budding/frame43_cell1.tif,False
43,2,train,non_budding/frame43_cell2.tif,False
43,3,train,budding/frame43_cell3.tif,True
43,4,train,non_budding/frame43_cell4.tif,False
43,5,train,non_budding/frame43_cell5.tif,False
43,6,train,non_budding/frame43_cell6.tif,False
43,7,train,non_budding/frame43_cell7.tif,False
43,8,train,budding/frame43_cell8.tif,True
43,9,train,budding/frame43_cell9.tif,True
43,10,train,non_budding/frame43_cell10.tif,False
43,11,train,non_budding/frame43_cell11.tif,False
43,12,train,non_budding/frame43_cell12.tif,False
43,13,train,non_budding/frame43_cell13.tif,False
43,15,train,non_budding/frame43_cell15.tif,False
43,16,train,budding/frame43_cell16.tif,True
43,17,train,non_budding/frame43_cell17.tif,False
43,18,train,non_budding/frame43_cell18.tif,False
43,19,train,non_budding/frame43_cell19.tif,False
43,20,train,non_budding/frame43_cell20.tif,False
93,1,train,budding/frame93_cell1.tif,True
93,2,train,non_budding/frame93_cell2.tif,False
93,3,train,budding/frame93_cell3.tif,True
93,4,train,budding/frame93_cell4.tif,True
93,6,train,non_budding/frame93_cell6.tif,False
93,7,train,non_budding/frame93_cell7.tif,False
93,8,train,budding/frame93_cell8.tif,True
93,9,train,non_budding/frame93_cell9.tif,False
93,10,train,non_budding/frame93_cell10.tif,False
93,11,train,non_budding/frame93_cell11.tif,False
93,12,train,non_budding/frame93_cell12.tif,False
93,13,train,non_budding/frame93_cell13.tif,False
2,1,train,non_budding/frame2_cell1.tif,False
2,2,train,non_budding/frame2_cell2.tif,False
2,4,train,non_budding/frame2_cell4.tif,False
2,5,train,budding/frame2_cell5.tif,True
2,6,train,budding/frame2_cell6.tif,True
2,8,train,non_budding/frame2_cell8.tif,False
2,9,train,non_budding/frame2_cell9.tif,False
2,10,train,non_budding/frame2_cell10.tif,False
2,11,train,non_budding/frame2_cell11.tif,False
2,12,train,non_budding/frame2_cell12.tif,False
2,13,train,budding/frame2_cell13.tif,True
2,14,train,non_budding/frame2_cell14.tif,False
2,16,train,non_budding/frame2_cell16.tif,False
2,17,train,non_budding/frame2_cell17.tif,False
2,18,train,non_budding/frame2_cell18.tif,False
2,19,train,non_budding/frame2_cell19.tif,False
2,20,train,non_budding/frame2_cell20.tif,False
2,21,train,budding/frame2_cell21.tif,True
2,22,train,non_budding/frame2_cell22.tif,False
2,25,train,non_budding/frame2_cell25.tif,False
2,27,train,non_budding/frame2_cell27.tif,False
2,28,train,non_budding/frame2_cell28.tif,False
2,29,train,non_budding/frame2_cell29.tif,False
76,1,train,budding/frame76_cell1.tif,True
76,2,train,budding/frame76_cell2.tif,True
76,3,train,non_budding/frame76_cell3.tif,False
76,4,train,non_budding/frame76_cell4.tif,False
76,5,train,budding/frame76_cell5.tif,True
76,6,train,budding/frame76_cell6.tif,True
76,7,train,non_budding/frame76_cell7.tif,False
28,2,train,non_budding/frame28_cell2.tif,False
28,3,train,non_budding/frame28_cell3.tif,False
28,4,train,non_budding/frame28_cell4.tif,False
28,6,train,non_budding/frame28_cell6.tif,False
28,7,train,non_budding/frame28_cell7.tif,False
28,8,train,non_budding/frame28_cell8.tif,False
28,9,train,non_budding/frame28_cell9.tif,False
28,10,train,non_budding/frame28_cell10.tif,False
75,2,train,non_budding/frame75_cell2.tif,False
75,3,train,budding/frame75_cell3.tif,True
75,4,train,non_budding/frame75_cell4.tif,False
75,5,train,non_budding/frame75_cell5.tif,False
75,6,train,non_budding/frame75_cell6.tif,False
75,7,train,non_budding/frame75_cell7.tif,False
75,8,train,non_budding/frame75_cell8.tif,False
75,9,train,non_budding/frame75_cell9.tif,False
75,10,train,non_budding/frame75_cell10.tif,False
75,11,train,non_budding/frame75_cell11.tif,False
75,12,train,non_budding/frame75_cell12.tif,False
10,1,train,non_budding/frame10_cell1.tif,False
10,2,train,budding/frame10_cell2.tif,True
10,3,train,non_budding/frame10_cell3.tif,False
10,4,train,non_budding/frame10_cell4.tif,False
10,5,train,non_budding/frame10_cell5.tif,False
10,6,train,budding/frame10_cell6.tif,True
10,7,train,budding/frame10_cell7.tif,True
10,8,train,non_budding/frame10_cell8.tif,False
32,1,train,non_budding/frame32_cell1.tif,False
32,2,train,budding/frame32_cell2.tif,True
32,3,train,budding/frame32_cell3.tif,True
32,4,train,budding/frame32_cell4.tif,True
32,5,train,non_budding/frame32_cell5.tif,False
32,7,train,budding/frame32_cell7.tif,True
32,8,train,non_budding/frame32_cell8.tif,False
32,9,train,budding/frame32_cell9.tif,True
32,10,train,budding/frame32_cell10.tif,True
32,11,train,non_budding/frame32_cell11.tif,False
32,12,train,non_budding/frame32_cell12.tif,False
53,1,train,non_budding/frame53_cell1.tif,False
53,2,train,budding/frame53_cell2.tif,True
53,3,train,non_budding/frame53_cell3.tif,False
53,4,train,non_budding/frame53_cell4.tif,False
53,5,train,non_budding/frame53_cell5.tif,False
53,6,train,non_budding/frame53_cell6.tif,False
53,8,train,non_budding/frame53_cell8.tif,False
53,9,train,non_budding/frame53_cell9.tif,False
53,10,train,non_budding/frame53_cell10.tif,False
53,11,train,budding/frame53_cell11.tif,True
53,12,train,budding/frame53_cell12.tif,True
53,13,train,budding/frame53_cell13.tif,True
87,1,train,non_budding/frame87_cell1.tif,False
87,2,train,non_budding/frame87_cell2.tif,False
87,3,train,non_budding/frame87_cell3.tif,False
87,4,train,non_budding/frame87_cell4.tif,False
87,5,train,non_budding/frame87_cell5.tif,False
73,1,train,budding/frame73_cell1.tif,True
73,2,train,non_budding/frame73_cell2.tif,False
73,3,train,budding/frame73_cell3.tif,True
73,4,train,non_budding/frame73_cell4.tif,False
73,5,train,non_budding/frame73_cell5.tif,False
73,6,train,non_budding/frame73_cell6.tif,False
73,7,train,budding/frame73_cell7.tif,True
73,8,train,non_budding/frame73_cell8.tif,False
73,9,train,non_budding/frame73_cell9.tif,False
73,11,train,non_budding/frame73_cell11.tif,False
73,12,train,budding/frame73_cell12.tif,True
39,1,train,budding/frame39_cell1.tif,True
39,2,train,non_budding/frame39_cell2.tif,False
39,3,train,budding/frame39_cell3.tif,True
39,4,train,non_budding/frame39_cell4.tif,False
39,5,train,non_budding/frame39_cell5.tif,False
39,6,train,non_budding/frame39_cell6.tif,False
39,7,train,non_budding/frame39_cell7.tif,False
39,8,train,non_budding/frame39_cell8.tif,False
39,9,train,non_budding/frame39_cell9.tif,False
39,11,train,non_budding/frame39_cell11.tif,False
39,13,train,non_budding/frame39_cell13.tif,False
39,14,train,budding/frame39_cell14.tif,True
39,15,train,non_budding/frame39_cell15.tif,False
39,16,train,non_budding/frame39_cell16.tif,False
39,17,train,non_budding/frame39_cell17.tif,False
39,18,train,budding/frame39_cell18.tif,True
83,1,train,budding/frame83_cell1.tif,True
83,2,train,non_budding/frame83_cell2.tif,False
83,3,train,non_budding/frame83_cell3.tif,False
83,4,train,budding/frame83_cell4.tif,True
83,5,train,budding/frame83_cell5.tif,True
83,6,train,budding/frame83_cell6.tif,True
83,7,train,budding/frame83_cell7.tif,True
69,1,train,budding/frame69_cell1.tif,True
69,2,train,budding/frame69_cell2.tif,True
69,3,train,non_budding/frame69_cell3.tif,False
69,4,train,non_budding/frame69_cell4.tif,False
69,5,train,budding/frame69_cell5.tif,True
69,6,train,non_budding/frame69_cell6.tif,False
69,8,train,budding/frame69_cell8.tif,True
69,9,train,non_budding/frame69_cell9.tif,False
69,10,train,budding/frame69_cell10.tif,True
69,11,train,budding/frame69_cell11.tif,True
58,1,train,budding/frame58_cell1.tif,True
58,2,train,non_budding/frame58_cell2.tif,False
58,3,train,budding/frame58_cell3.tif,True
58,4,train,budding/frame58_cell4.tif,True
58,5,train,budding/frame58_cell5.tif,True
58,6,train,budding/frame58_cell6.tif,True
58,7,train,budding/frame58_cell7.tif,True
58,8,train,budding/frame58_cell8.tif,True
58,9,train,non_budding/frame58_cell9.tif,False
70,2,train,budding/frame70_cell2.tif,True
70,3,train,budding/frame70_cell3.tif,True
70,4,train,budding/frame70_cell4.tif,True
70,5,train,non_budding/frame70_cell5.tif,False
70,6,train,budding/frame70_cell6.tif,True
70,7,train,budding/frame70_cell7.tif,True
70,9,train,budding/frame70_cell9.tif,True
70,11,train,budding/frame70_cell11.tif,True
70,12,train,budding/frame70_cell12.tif,True
70,13,train,non_budding/frame70_cell13.tif,False
70,14,train,budding/frame70_cell14.tif,True
70,15,train,non_budding/frame70_cell15.tif,False
70,16,train,non_budding/frame70_cell16.tif,False
70,17,train,non_budding/frame70_cell17.tif,False
82,2,train,budding/frame82_cell2.tif,True
82,3,train,non_budding/frame82_cell3.tif,False
82,4,train,budding/frame82_cell4.tif,True
82,5,train,non_budding/frame82_cell5.tif,False
82,6,train,budding/frame82_cell6.tif,True
82,8,train,non_budding/frame82_cell8.tif,False
82,9,train,non_budding/frame82_cell9.tif,False
82,10,train,non_budding/frame82_cell10.tif,False
99,1,train,budding/frame99_cell1.tif,True
99,2,train,non_budding/frame99_cell2.tif,False
99,3,train,non_budding/frame99_cell3.tif,False
99,4,train,non_budding/frame99_cell4.tif,False
99,5,train,budding/frame99_cell5.tif,True
99,7,train,non_budding/frame99_cell7.tif,False
99,8,train,budding/frame99_cell8.tif,True
99,9,train,budding/frame99_cell9.tif,True
99,10,train,budding/frame99_cell10.tif,True
99,11,train,budding/frame99_cell11.tif,True
99,12,train,budding/frame99_cell12.tif,True
45,1,train,budding/frame45_cell1.tif,True
45,3,train,budding/frame45_cell3.tif,True
45,4,train,budding/frame45_cell4.tif,True
45,5,train,non_budding/frame45_cell5.tif,False
45,6,train,non_budding/frame45_cell6.tif,False
45,7,train,budding/frame45_cell7.tif,True
45,8,train,budding/frame45_cell8.tif,True
45,9,train,budding/frame45_cell9.tif,True
81,2,train,non_budding/frame81_cell2.tif,False
81,3,train,non_budding/frame81_cell3.tif,False
81,4,train,non_budding/frame81_cell4.tif,False
81,5,train,budding/frame81_cell5.tif,True
81,6,train,budding/frame81_cell6.tif,True
81,7,train,non_budding/frame81_cell7.tif,False
81,8,train,non_budding/frame81_cell8.tif,False
81,9,train,non_budding/frame81_cell9.tif,False
81,10,train,non_budding/frame81_cell10.tif,False
81,11,train,non_budding/frame81_cell11.tif,False
81,12,train,budding/frame81_cell12.tif,True
81,13,train,budding/frame81_cell13.tif,True
6,2,train,non_budding/frame6_cell2.tif,False
6,3,train,budding/frame6_cell3.tif,True
6,4,train,non_budding/frame6_cell4.tif,False
6,6,train,non_budding/frame6_cell6.tif,False
6,7,train,non_budding/frame6_cell7.tif,False
6,9,train,budding/frame6_cell9.tif,True
6,10,train,non_budding/frame6_cell10.tif,False
6,11,train,budding/frame6_cell11.tif,True
6,12,train,budding/frame6_cell12.tif,True
6,14,train,budding/frame6_cell14.tif,True
6,15,train,non_budding/frame6_cell15.tif,False
6,16,train,non_budding/frame6_cell16.tif,False
6,17,train,non_budding/frame6_cell17.tif,False
6,18,train,non_budding/frame6_cell18.tif,False
6,19,train,budding/frame6_cell19.tif,True
6,20,train,non_budding/frame6_cell20.tif,False
6,21,train,non_budding/frame6_cell21.tif,False
6,22,train,budding/frame6_cell22.tif,True
6,23,train,non_budding/frame6_cell23.tif,False
6,24,train,non_budding/frame6_cell24.tif,False
6,27,train,non_budding/frame6_cell27.tif,False
6,28,train,non_budding/frame6_cell28.tif,False
9,1,train,budding/frame9_cell1.tif,True
9,2,train,non_budding/frame9_cell2.tif,False
9,3,train,non_budding/frame9_cell3.tif,False
9,4,train,budding/frame9_cell4.tif,True
9,5,train,budding/frame9_cell5.tif,True
9,6,train,budding/frame9_cell6.tif,True
9,8,train,budding/frame9_cell8.tif,True
9,9,train,non_budding/frame9_cell9.tif,False
9,10,train,non_budding/frame9_cell10.tif,False
9,11,train,non_budding/frame9_cell11.tif,False
9,12,train,budding/frame9_cell12.tif,True
55,2,train,budding/frame55_cell2.tif,True
55,3,train,non_budding/frame55_cell3.tif,False
55,4,train,budding/frame55_cell4.tif,True
55,6,train,non_budding/frame55_cell6.tif,False
55,7,train,budding/frame55_cell7.tif,True
55,8,train,non_budding/frame55_cell8.tif,False
29,2,train,non_budding/frame29_cell2.tif,False
29,4,train,budding/frame29_cell4.tif,True
29,5,train,non_budding/frame29_cell5.tif,False
29,6,train,non_budding/frame29_cell6.tif,False
29,7,train,non_budding/frame29_cell7.tif,False
29,8,train,non_budding/frame29_cell8.tif,False
29,9,train,budding/frame29_cell9.tif,True
29,10,train,budding/frame29_cell10.tif,True
29,11,train,non_budding/frame29_cell11.tif,False
29,12,train,budding/frame29_cell12.tif,True
79,2,train,non_budding/frame79_cell2.tif,False
79,3,train,budding/frame79_cell3.tif,True
79,4,train,non_budding/frame79_cell4.tif,False
79,5,train,non_budding/frame79_cell5.tif,False
79,6,train,non_budding/frame79_cell6.tif,False
79,7,train,budding/frame79_cell7.tif,True
79,8,train,non_budding/frame79_cell8.tif,False
79,9,train,non_budding/frame79_cell9.tif,False
79,10,train,budding/frame79_cell10.tif,True
79,11,train,non_budding/frame79_cell11.tif,False
79,12,train,non_budding/frame79_cell12.tif,False
79,13,train,budding/frame79_cell13.tif,True
79,14,train,non_budding/frame79_cell14.tif,False
79,15,train,non_budding/frame79_cell15.tif,False
46,1,train,budding/frame46_cell1.tif,True
46,2,train,non_budding/frame46_cell2.tif,False
46,4,train,non_budding/frame46_cell4.tif,False
46,6,train,non_budding/frame46_cell6.tif,False
46,7,train,budding/frame46_cell7.tif,True
46,8,train,budding/frame46_cell8.tif,True
46,9,train,budding/frame46_cell9.tif,True
46,10,train,budding/frame46_cell10.tif,True
46,11,train,non_budding/frame46_cell11.tif,False
46,12,train,non_budding/frame46_cell12.tif,False
46,13,train,non_budding/frame46_cell13.tif,False
22,2,train,non_budding/frame22_cell2.tif,False
22,3,train,non_budding/frame22_cell3.tif,False
22,6,train,non_budding/frame22_cell6.tif,False
22,7,train,non_budding/frame22_cell7.tif,False
22,8,train,non_budding/frame22_cell8.tif,False
22,9,train,budding/frame22_cell9.tif,True
22,10,train,budding/frame22_cell10.tif,True
22,11,train,non_budding/frame22_cell11.tif,False
22,12,train,budding/frame22_cell12.tif,True
22,13,train,budding/frame22_cell13.tif,True
30,1,train,non_budding/frame30_cell1.tif,False
30,2,train,budding/frame30_cell2.tif,True
30,3,train,non_budding/frame30_cell3.tif,False
30,4,train,budding/frame30_cell4.tif,True
30,5,train,budding/frame30_cell5.tif,True
30,6,train,non_budding/frame30_cell6.tif,False
30,8,train,budding/frame30_cell8.tif,True
30,9,train,non_budding/frame30_cell9.tif,False
67,2,train,non_budding/frame67_cell2.tif,False
67,3,train,non_budding/frame67_cell3.tif,False
67,4,train,budding/frame67_cell4.tif,True
67,5,train,non_budding/frame67_cell5.tif,False
67,6,train,non_budding/frame67_cell6.tif,False
67,7,train,budding/frame67_cell7.tif,True
67,8,train,budding/frame67_cell8.tif,True
67,9,train,budding/frame67_cell9.tif,True
67,10,train,non_budding/frame67_cell10.tif,False
67,11,train,non_budding/frame67_cell11.tif,False
67,12,train,non_budding/frame67_cell12.tif,False
67,13,train,non_budding/frame67_cell13.tif,False
67,14,train,budding/frame67_cell14.tif,True
67,15,train,non_budding/frame67_cell15.tif,False
84,1,train,budding/frame84_cell1.tif,True
84,2,train,budding/frame84_cell2.tif,True
84,3,train,budding/frame84_cell3.tif,True
84,4,train,non_budding/frame84_cell4.tif,False
84,7,train,non_budding/frame84_cell7.tif,False
84,8,train,non_budding/frame84_cell8.tif,False
84,9,train,non_budding/frame84_cell9.tif,False
84,10,train,non_budding/frame84_cell10.tif,False
84,12,train,non_budding/frame84_cell12.tif,False
84,13,train,budding/frame84_cell13.tif,True
84,14,train,budding/frame84_cell14.tif,True
84,15,train,non_budding/frame84_cell15.tif,False
57,2,train,non_budding/frame57_cell2.tif,False
57,3,train,budding/frame57_cell3.tif,True
57,4,train,non_budding/frame57_cell4.tif,False
57,5,train,budding/frame57_cell5.tif,True
57,6,train,budding/frame57_cell6.tif,True
57,8,train,non_budding/frame57_cell8.tif,False
57,9,train,budding/frame57_cell9.tif,True
57,10,train,non_budding/frame57_cell10.tif,False
57,11,train,non_budding/frame57_cell11.tif,False
57,12,train,non_budding/frame57_cell12.tif,False
57,13,train,budding/frame57_cell13.tif,True
57,14,train,budding/frame57_cell14.tif,True
57,15,train,budding/frame57_cell15.tif,True
57,16,train,non_budding/frame57_cell16.tif,False
57,17,train,non_budding/frame57_cell17.tif,False
57,18,train,non_budding/frame57_cell18.tif,False
57,19,train,non_budding/frame57_cell19.tif,False
57,20,train,budding/frame57_cell20.tif,True
57,21,train,budding/frame57_cell21.tif,True
57,22,train,budding/frame57_cell22.tif,True
57,23,train,budding/frame57_cell23.tif,True
44,2,train,budding/frame44_cell2.tif,True
44,3,train,non_budding/frame44_cell3.tif,False
44,4,train,non_budding/frame44_cell4.tif,False
44,5,train,non_budding/frame44_cell5.tif,False
44,6,train,non_budding/frame44_cell6.tif,False
44,7,train,non_budding/frame44_cell7.tif,False
44,8,train,budding/frame44_cell8.tif,True
44,9,train,budding/frame44_cell9.tif,True
44,10,train,non_budding/frame44_cell10.tif,False
44,11,train,budding/frame44_cell11.tif,True
44,12,train,non_budding/frame44_cell12.tif,False
44,13,train,non_budding/frame44_cell13.tif,False
44,14,train,non_budding/frame44_cell14.tif,False
47,1,train,non_budding/frame47_cell1.tif,False
47,2,train,non_budding/frame47_cell2.tif,False
47,3,train,non_budding/frame47_cell3.tif,False
47,4,train,budding/frame47_cell4.tif,True
47,5,train,budding/frame47_cell5.tif,True
47,6,train,budding/frame47_cell6.tif,True
47,7,train,budding/frame47_cell7.tif,True
42,2,train,non_budding/frame42_cell2.tif,False
42,3,train,non_budding/frame42_cell3.tif,False
42,4,train,non_budding/frame42_cell4.tif,False
42,5,train,non_budding/frame42_cell5.tif,False
42,6,train,budding/frame42_cell6.tif,True
42,7,train,non_budding/frame42_cell7.tif,False
42,8,train,non_budding/frame42_cell8.tif,False
42,9,train,budding/frame42_cell9.tif,True
42,10,train,non_budding/frame42_cell10.tif,False
42,11,train,budding/frame42_cell11.tif,True
42,12,train,budding/frame42_cell12.tif,True
42,13,train,budding/frame42_cell13.tif,True
42,14,train,non_budding/frame42_cell14.tif,False
96,2,train,budding/frame96_cell2.tif,True
96,3,train,non_budding/frame96_cell3.tif,False
96,4,train,non_budding/frame96_cell4.tif,False
96,5,train,budding/frame96_cell5.tif,True
96,6,train,budding/frame96_cell6.tif,True
96,7,train,non_budding/frame96_cell7.tif,False
96,8,train,budding/frame96_cell8.tif,True
96,9,train,budding/frame96_cell9.tif,True
96,10,train,non_budding/frame96_cell10.tif,False
96,11,train,non_budding/frame96_cell11.tif,False
96,12,train,non_budding/frame96_cell12.tif,False
96,13,train,non_budding/frame96_cell13.tif,False
96,14,train,non_budding/frame96_cell14.tif,False
96,15,train,non_budding/frame96_cell15.tif,False
96,16,train,non_budding/frame96_cell16.tif,False
96,18,train,non_budding/frame96_cell18.tif,False
96,19,train,non_budding/frame96_cell19.tif,False
7,2,train,non_budding/frame7_cell2.tif,False
7,3,train,budding/frame7_cell3.tif,True
7,4,train,budding/frame7_cell4.tif,True
7,5,train,budding/frame7_cell5.tif,True
7,6,train,non_budding/frame7_cell6.tif,False
7,7,train,budding/frame7_cell7.tif,True
7,8,train,budding/frame7_cell8.tif,True
7,9,train,non_budding/frame7_cell9.tif,False
7,10,train,non_budding/frame7_cell10.tif,False
7,12,train,non_budding/frame7_cell12.tif,False
7,13,train,non_budding/frame7_cell13.tif,False
7,14,train,non_budding/frame7_cell14.tif,False
7,16,train,budding/frame7_cell16.tif,True
7,17,train,non_budding/frame7_cell17.tif,False
7,20,train,non_budding/frame7_cell20.tif,False
40,2,train,budding/frame40_cell2.tif,True
40,3,train,non_budding/frame40_cell3.tif,False
40,4,train,non_budding/frame40_cell4.tif,False
40,5,train,budding/frame40_cell5.tif,True
40,6,train,budding/frame40_cell6.tif,True
40,7,train,non_budding/frame40_cell7.tif,False
40,9,train,non_budding/frame40_cell9.tif,False
40,10,train,non_budding/frame40_cell10.tif,False
40,12,train,non_budding/frame40_cell12.tif,False
40,13,train,budding/frame40_cell13.tif,True
40,14,train,non_budding/frame40_cell14.tif,False
40,16,train,non_budding/frame40_cell16.tif,False
40,17,train,non_budding/frame40_cell17.tif,False
40,18,train,non_budding/frame40_cell18.tif,False
34,1,train,non_budding/frame34_cell1.tif,False
34,2,train,budding/frame34_cell2.tif,True
34,3,train,budding/frame34_cell3.tif,True
34,4,train,non_budding/frame34_cell4.tif,False
34,5,train,non_budding/frame34_cell5.tif,False
34,6,train,non_budding/frame34_cell6.tif,False
34,7,train,budding/frame34_cell7.tif,True
34,8,train,budding/frame34_cell8.tif,True
34,9,train,budding/frame34_cell9.tif,True
34,10,train,budding/frame34_cell10.tif,True
34,11,train,budding/frame34_cell11.tif,True
34,12,train,non_budding/frame34_cell12.tif,False
34,13,train,non_budding/frame34_cell13.tif,False
34,14,train,budding/frame34_cell14.tif,True
34,15,train,budding/frame34_cell15.tif,True
34,16,train,non_budding/frame34_cell16.tif,False
34,17,train,non_budding/frame34_cell17.tif,False
34,18,train,non_budding/frame34_cell18.tif,False
62,1,train,non_budding/frame62_cell1.tif,False
62,2,train,non_budding/frame62_cell2.tif,False
62,3,train,non_budding/frame62_cell3.tif,False
62,4,train,budding/frame62_cell4.tif,True
62,5,train,non_budding/frame62_cell5.tif,False
62,6,train,budding/frame62_cell6.tif,True
62,7,train,non_budding/frame62_cell7.tif,False
62,8,train,budding/frame62_cell8.tif,True
62,9,train,budding/frame62_cell9.tif,True
62,10,train,budding/frame62_cell10.tif,True
62,11,train,budding/frame62_cell11.tif,True
18,1,train,non_budding/frame18_cell1.tif,False
18,2,train,non_budding/frame18_cell2.tif,False
18,3,train,non_budding/frame18_cell3.tif,False
18,4,train,non_budding/frame18_cell4.tif,False
18,6,train,non_budding/frame18_cell6.tif,False
97,2,train,budding/frame97_cell2.tif,True
97,4,train,non_budding/frame97_cell4.tif,False
97,5,train,non_budding/frame97_cell5.tif,False
97,6,train,non_budding/frame97_cell6.tif,False
97,8,train,budding/frame97_cell8.tif,True
97,10,train,budding/frame97_cell10.tif,True
97,12,train,non_budding/frame97_cell12.tif,False
97,14,train,budding/frame97_cell14.tif,True
97,15,train,non_budding/frame97_cell15.tif,False
97,16,train,non_budding/frame97_cell16.tif,False
97,17,train,non_budding/frame97_cell17.tif,False
97,18,train,budding/frame97_cell18.tif,True
97,19,train,budding/frame97_cell19.tif,True
97,20,train,budding/frame97_cell20.tif,True
97,21,train,budding/frame97_cell21.tif,True
97,22,train,non_budding/frame97_cell22.tif,False
11,1,train,budding/frame11_cell1.tif,True
11,3,train,budding/frame11_cell3.tif,True
11,5,train,non_budding/frame11_cell5.tif,False
11,6,train,budding/frame11_cell6.tif,True
11,8,train,budding/frame11_cell8.tif,True
54,2,train,budding/frame54_cell2.tif,True
54,3,train,non_budding/frame54_cell3.tif,False
54,4,train,budding/frame54_cell4.tif,True
54,5,train,non_budding/frame54_cell5.tif,False
54,6,train,budding/frame54_cell6.tif,True
54,7,train,non_budding/frame54_cell7.tif,False
54,8,train,non_budding/frame54_cell8.tif,False
54,9,train,non_budding/frame54_cell9.tif,False
54,10,train,non_budding/frame54_cell10.tif,False
54,11,train,budding/frame54_cell11.tif,True
91,2,train,budding/frame91_cell2.tif,True
91,3,train,non_budding/frame91_cell3.tif,False
91,5,train,budding/frame91_cell5.tif,True
91,6,train,budding/frame91_cell6.tif,True
91,7,train,non_budding/frame91_cell7.tif,False
91,8,train,non_budding/frame91_cell8.tif,False
91,9,train,non_budding/frame91_cell9.tif,False
91,10,train,non_budding/frame91_cell10.tif,False
91,11,train,budding/frame91_cell11.tif,True
91,12,train,non_budding/frame91_cell12.tif,False
91,13,train,budding/frame91_cell13.tif,True
91,15,train,budding/frame91_cell15.tif,True
91,16,train,budding/frame91_cell16.tif,True
91,17,train,budding/frame91_cell17.tif,True
12,1,train,budding/frame12_cell1.tif,True
12,2,train,budding/frame12_cell2.tif,True
12,3,train,non_budding/frame12_cell3.tif,False
12,4,train,budding/frame12_cell4.tif,True
12,5,train,budding/frame12_cell5.tif,True
12,6,train,budding/frame12_cell6.tif,True
12,7,train,non_budding/frame12_cell7.tif,False
12,8,train,non_budding/frame12_cell8.tif,False
12,9,train,non_budding/frame12_cell9.tif,False
12,10,train,non_budding/frame12_cell10.tif,False
12,11,train,budding/frame12_cell11.tif,True
12,12,train,budding/frame12_cell12.tif,True
12,13,train,non_budding/frame12_cell13.tif,False
12,14,train,non_budding/frame12_cell14.tif,False
61,1,train,non_budding/frame61_cell1.tif,False
61,2,train,budding/frame61_cell2.tif,True
61,3,train,budding/frame61_cell3.tif,True
61,4,train,non_budding/frame61_cell4.tif,False
61,5,train,budding/frame61_cell5.tif,True
61,6,train,non_budding/frame61_cell6.tif,False
61,7,train,budding/frame61_cell7.tif,True
61,8,train,non_budding/frame61_cell8.tif,False
61,9,train,non_budding/frame61_cell9.tif,False
61,11,train,budding/frame61_cell11.tif,True
61,12,train,budding/frame61_cell12.tif,True
61,14,train,non_budding/frame61_cell14.tif,False
38,2,train,non_budding/frame38_cell2.tif,False
38,3,train,budding/frame38_cell3.tif,True
38,4,train,non_budding/frame38_cell4.tif,False
38,5,train,budding/frame38_cell5.tif,True
38,7,train,non_budding/frame38_cell7.tif,False
38,8,train,non_budding/frame38_cell8.tif,False
38,9,train,non_budding/frame38_cell9.tif,False
38,10,train,non_budding/frame38_cell10.tif,False
38,13,train,non_budding/frame38_cell13.tif,False
38,15,train,non_budding/frame38_cell15.tif,False
38,17,train,non_budding/frame38_cell17.tif,False
38,18,train,non_budding/frame38_cell18.tif,False
38,19,train,non_budding/frame38_cell19.tif,False
38,20,train,non_budding/frame38_cell20.tif,False
4,2,train,non_budding/frame4_cell2.tif,False
4,3,train,non_budding/frame4_cell3.tif,False
4,4,train,non_budding/frame4_cell4.tif,False
4,5,train,non_budding/frame4_cell5.tif,False
4,6,train,budding/frame4_cell6.tif,True
4,7,train,budding/frame4_cell7.tif,True
4,8,train,budding/frame4_cell8.tif,True
4,10,train,budding/frame4_cell10.tif,True
4,11,train,budding/frame4_cell11.tif,True
4,13,train,non_budding/frame4_cell13.tif,False
4,14,train,non_budding/frame4_cell14.tif,False
4,15,train,budding/frame4_cell15.tif,True
4,16,train,non_budding/frame4_cell16.tif,False
4,18,train,budding/frame4_cell18.tif,True
4,19,train,budding/frame4_cell19.tif,True
4,20,train,non_budding/frame4_cell20.tif,False
4,22,train,budding/frame4_cell22.tif,True
4,24,train,non_budding/frame4_cell24.tif,False
4,25,train,non_budding/frame4_cell25.tif,False
100,1,train,budding/frame100_cell1.tif,True
100,3,train,non_budding/frame100_cell3.tif,False
100,5,train,non_budding/frame100_cell5.tif,False
100,6,train,non_budding/frame100_cell6.tif,False
100,7,train,non_budding/frame100_cell7.tif,False
100,8,train,budding/frame100_cell8.tif,True
100,9,train,non_budding/frame100_cell9.tif,False
100,11,train,non_budding/frame100_cell11.tif,False
100,12,train,budding/frame100_cell12.tif,True
100,13,train,budding/frame100_cell13.tif,True
100,14,train,budding/frame100_cell14.tif,True
100,15,train,non_budding/frame100_cell15.tif,False
100,16,train,non_budding/frame100_cell16.tif,False
100,17,train,non_budding/frame100_cell17.tif,False
25,1,train,budding/frame25_cell1.tif,True
25,2,train,budding/frame25_cell2.tif,True
25,3,train,non_budding/frame25_cell3.tif,False
25,4,train,budding/frame25_cell4.tif,True
25,6,train,non_budding/frame25_cell6.tif,False
25,7,train,non_budding/frame25_cell7.tif,False
25,8,train,non_budding/frame25_cell8.tif,False
25,9,train,non_budding/frame25_cell9.tif,False
25,11,train,non_budding/frame25_cell11.tif,False
25,12,train,non_budding/frame25_cell12.tif,False
24,2,train,non_budding/frame24_cell2.tif,False
24,5,train,non_budding/frame24_cell5.tif,False
24,7,train,budding/frame24_cell7.tif,True
24,8,train,non_budding/frame24_cell8.tif,False
24,9,train,budding/frame24_cell9.tif,True
24,11,train,non_budding/frame24_cell11.tif,False
35,1,train,non_budding/frame35_cell1.tif,False
35,2,train,non_budding/frame35_cell2.tif,False
35,3,train,budding/frame35_cell3.tif,True
35,4,train,non_budding/frame35_cell4.tif,False
35,6,train,non_budding/frame35_cell6.tif,False
35,7,train,non_budding/frame35_cell7.tif,False
35,8,train,non_budding/frame35_cell8.tif,False
35,9,train,non_budding/frame35_cell9.tif,False
35,10,train,non_budding/frame35_cell10.tif,False
35,11,train,budding/frame35_cell11.tif,True
35,12,train,non_budding/frame35_cell12.tif,False
35,13,train,budding/frame35_cell13.tif,True
35,14,train,non_budding/frame35_cell14.tif,False
35,15,train,budding/frame35_cell15.tif,True
35,16,train,non_budding/frame35_cell16.tif,False
35,17,train,non_budding/frame35_cell17.tif,False
35,18,train,budding/frame35_cell18.tif,True
65,2,train,non_budding/frame65_cell2.tif,False
65,3,train,budding/frame65_cell3.tif,True
65,4,train,non_budding/frame65_cell4.tif,False
65,5,train,budding/frame65_cell5.tif,True
65,6,train,budding/frame65_cell6.tif,True
65,7,train,non_budding/frame65_cell7.tif,False
65,8,train,non_budding/frame65_cell8.tif,False
65,9,train,budding/frame65_cell9.tif,True
65,10,train,budding/frame65_cell10.tif,True
65,12,train,non_budding/frame65_cell12.tif,False
65,13,train,budding/frame65_cell13.tif,True
65,14,train,budding/frame65_cell14.tif,True
65,15,train,non_budding/frame65_cell15.tif,False
65,16,train,non_budding/frame65_cell16.tif,False
50,1,train,budding/frame50_cell1.tif,True
50,2,train,non_budding/frame50_cell2.tif,False
50,3,train,non_budding/frame50_cell3.tif,False
50,4,train,non_budding/frame50_cell4.tif,False
50,6,train,non_budding/frame50_cell6.tif,False
50,7,train,non_budding/frame50_cell7.tif,False
50,8,train,budding/frame50_cell8.tif,True
50,9,train,budding/frame50_cell9.tif,True
17,4,train,non_budding/frame17_cell4.tif,False
17,5,train,non_budding/frame17_cell5.tif,False
17,6,train,non_budding/frame17_cell6.tif,False
17,8,train,non_budding/frame17_cell8.tif,False
17,9,train,non_budding/frame17_cell9.tif,False
17,10,train,non_budding/frame17_cell10.tif,False
17,11,train,non_budding/frame17_cell11.tif,False
17,12,train,budding/frame17_cell12.tif,True
17,13,train,non_budding/frame17_cell13.tif,False
17,14,train,non_budding/frame17_cell14.tif,False
17,15,train,non_budding/frame17_cell15.tif,False
17,16,train,budding/frame17_cell16.tif,True
17,17,train,non_budding/frame17_cell17.tif,False
17,18,train,budding/frame17_cell18.tif,True
89,1,train,non_budding/frame89_cell1.tif,False
89,2,train,budding/frame89_cell2.tif,True
89,3,train,budding/frame89_cell3.tif,True
89,4,train,non_budding/frame89_cell4.tif,False
89,5,train,non_budding/frame89_cell5.tif,False
89,6,train,budding/frame89_cell6.tif,True
89,7,train,non_budding/frame89_cell7.tif,False
89,8,train,non_budding/frame89_cell8.tif,False
89,9,train,non_budding/frame89_cell9.tif,False
89,10,train,budding/frame89_cell10.tif,True
89,11,train,budding/frame89_cell11.tif,True
89,13,train,non_budding/frame89_cell13.tif,False
89,14,train,non_budding/frame89_cell14.tif,False
89,15,train,non_budding/frame89_cell15.tif,False
89,16,train,non_budding/frame89_cell16.tif,False
89,17,train,budding/frame89_cell17.tif,True
94,1,train,non_budding/frame94_cell1.tif,False
94,2,train,budding/frame94_cell2.tif,True
94,4,train,budding/frame94_cell4.tif,True
94,5,train,budding/frame94_cell5.tif,True
94,8,train,budding/frame94_cell8.tif,True
94,9,train,budding/frame94_cell9.tif,True
21,1,val,non_budding/frame21_cell1.tif,False
21,2,val,budding/frame21_cell2.tif,True
21,3,val,budding/frame21_cell3.tif,True
21,4,val,non_budding/frame21_cell4.tif,False
21,6,val,non_budding/frame21_cell6.tif,False
21,7,val,budding/frame21_cell7.tif,True
21,8,val,budding/frame21_cell8.tif,True
92,1,val,non_budding/frame92_cell1.tif,False
92,2,val,non_budding/frame92_cell2.tif,False
92,4,val,non_budding/frame92_cell4.tif,False
92,6,val,non_budding/frame92_cell6.tif,False
92,7,val,budding/frame92_cell7.tif,True
92,9,val,budding/frame92_cell9.tif,True
92,10,val,budding/frame92_cell10.tif,True
92,11,val,non_budding/frame92_cell11.tif,False
92,12,val,non_budding/frame92_cell12.tif,False
92,13,val,non_budding/frame92_cell13.tif,False
92,14,val,budding/frame92_cell14.tif,True
92,15,val,budding/frame92_cell15.tif,True
92,16,val,non_budding/frame92_cell16.tif,False
92,17,val,non_budding/frame92_cell17.tif,False
92,18,val,non_budding/frame92_cell18.tif,False
20,2,val,non_budding/frame20_cell2.tif,False
20,3,val,non_budding/frame20_cell3.tif,False
20,4,val,non_budding/frame20_cell4.tif,False
20,5,val,non_budding/frame20_cell5.tif,False
20,6,val,non_budding/frame20_cell6.tif,False
20,7,val,non_budding/frame20_cell7.tif,False
20,8,val,budding/frame20_cell8.tif,True
20,9,val,non_budding/frame20_cell9.tif,False
20,10,val,budding/frame20_cell10.tif,True
20,11,val,budding/frame20_cell11.tif,True
20,12,val,budding/frame20_cell12.tif,True
20,13,val,non_budding/frame20_cell13.tif,False
20,14,val,budding/frame20_cell14.tif,True
49,1,val,budding/frame49_cell1.tif,True
49,2,val,budding/frame49_cell2.tif,True
49,3,val,budding/frame49_cell3.tif,True
49,4,val,non_budding/frame49_cell4.tif,False
49,5,val,non_budding/frame49_cell5.tif,False
49,6,val,non_budding/frame49_cell6.tif,False
49,7,val,non_budding/frame49_cell7.tif,False
16,3,val,non_budding/frame16_cell3.tif,False
16,4,val,non_budding/frame16_cell4.tif,False
16,6,val,budding/frame16_cell6.tif,True
16,7,val,budding/frame16_cell7.tif,True
16,8,val,budding/frame16_cell8.tif,True
16,9,val,budding/frame16_cell9.tif,True
14,1,val,non_budding/frame14_cell1.tif,False
14,2,val,non_budding/frame14_cell2.tif,False
14,3,val,budding/frame14_cell3.tif,True
14,4,val,non_budding/frame14_cell4.tif,False
14,5,val,non_budding/frame14_cell5.tif,False
14,6,val,budding/frame14_cell6.tif,True
14,7,val,budding/frame14_cell7.tif,True
14,8,val,budding/frame14_cell8.tif,True
14,10,val,non_budding/frame14_cell10.tif,False
14,11,val,budding/frame14_cell11.tif,True
14,15,val,budding/frame14_cell15.tif,True
14,16,val,non_budding/frame14_cell16.tif,False
8,3,val,budding/frame8_cell3.tif,True
8,4,val,non_budding/frame8_cell4.tif,False
8,5,val,budding/frame8_cell5.tif,True
8,6,val,non_budding/frame8_cell6.tif,False
8,7,val,non_budding/frame8_cell7.tif,False
8,8,val,budding/frame8_cell8.tif,True
8,9,val,non_budding/frame8_cell9.tif,False
8,10,val,non_budding/frame8_cell10.tif,False
8,11,val,non_budding/frame8_cell11.tif,False
8,12,val,budding/frame8_cell12.tif,True
8,13,val,non_budding/frame8_cell13.tif,False
8,14,val,budding/frame8_cell14.tif,True
8,16,val,non_budding/frame8_cell16.tif,False
8,17,val,budding/frame8_cell17.tif,True
23,1,val,non_budding/frame23_cell1.tif,False
23,2,val,non_budding/frame23_cell2.tif,False
23,3,val,non_budding/frame23_cell3.tif,False
23,4,val,non_budding/frame23_cell4.tif,False
23,5,val,non_budding/frame23_cell5.tif,False
23,6,val,non_budding/frame23_cell6.tif,False
23,7,val,non_budding/frame23_cell7.tif,False
23,8,val,non_budding/frame23_cell8.tif,False
23,9,val,non_budding/frame23_cell9.tif,False
23,10,val,non_budding/frame23_cell10.tif,False
23,11,val,non_budding/frame23_cell11.tif,False
23,12,val,non_budding/frame23_cell12.tif,False
23,13,val,non_budding/frame23_cell13.tif,False
23,14,val,non_budding/frame23_cell14.tif,False
51,1,val,non_budding/frame51_cell1.tif,False
51,2,val,non_budding/frame51_cell2.tif,False
51,3,val,non_budding/frame51_cell3.tif,False
51,4,val,non_budding/frame51_cell4.tif,False
51,5,val,budding/frame51_cell5.tif,True
51,6,val,budding/frame51_cell6.tif,True
51,7,val,budding/frame51_cell7.tif,True
51,8,val,non_budding/frame51_cell8.tif,False
51,9,val,budding/frame51_cell9.tif,True
51,10,val,budding/frame51_cell10.tif,True
85,1,val,budding/frame85_cell1.tif,True
85,2,val,non_budding/frame85_cell2.tif,False
85,3,val,non_budding/frame85_cell3.tif,False
85,5,val,budding/frame85_cell5.tif,True
85,6,val,non_budding/frame85_cell6.tif,False
85,7,val,non_budding/frame85_cell7.tif,False
85,8,val,budding/frame85_cell8.tif,True
85,9,val,non_budding/frame85_cell9.tif,False
85,10,val,non_budding/frame85_cell10.tif,False
85,11,val,budding/frame85_cell11.tif,True
85,12,val,budding/frame85_cell12.tif,True
71,1,val,budding/frame71_cell1.tif,True
71,3,val,non_budding/frame71_cell3.tif,False
71,4,val,budding/frame71_cell4.tif,True
71,5,val,non_budding/frame71_cell5.tif,False
71,6,val,non_budding/frame71_cell6.tif,False
71,7,val,non_budding/frame71_cell7.tif,False
71,9,val,budding/frame71_cell9.tif,True
71,10,val,non_budding/frame71_cell10.tif,False
71,11,val,non_budding/frame71_cell11.tif,False
71,12,val,non_budding/frame71_cell12.tif,False
71,14,val,budding/frame71_cell14.tif,True
80,1,val,non_budding/frame80_cell1.tif,False
80,2,val,budding/frame80_cell2.tif,True
80,3,val,non_budding/frame80_cell3.tif,False
80,4,val,non_budding/frame80_cell4.tif,False
80,5,val,non_budding/frame80_cell5.tif,False
80,6,val,budding/frame80_cell6.tif,True
80,7,val,budding/frame80_cell7.tif,True
80,8,val,non_budding/frame80_cell8.tif,False
80,9,val,non_budding/frame80_cell9.tif,False
80,10,val,non_budding/frame80_cell10.tif,False
80,11,val,budding/frame80_cell11.tif,True
80,12,val,non_budding/frame80_cell12.tif,False
95,2,val,non_budding/frame95_cell2.tif,False
95,4,val,budding/frame95_cell4.tif,True
95,5,val,non_budding/frame95_cell5.tif,False
95,6,val,non_budding/frame95_cell6.tif,False
95,7,val,non_budding/frame95_cell7.tif,False
95,8,val,non_budding/frame95_cell8.tif,False
95,9,val,budding/frame95_cell9.tif,True
95,10,val,non_budding/frame95_cell10.tif,False
95,11,val,budding/frame95_cell11.tif,True
95,12,val,budding/frame95_cell12.tif,True
95,14,val,budding/frame95_cell14.tif,True
95,16,val,non_budding/frame95_cell16.tif,False
74,1,val,non_budding/frame74_cell1.tif,False
74,2,val,budding/frame74_cell2.tif,True
74,3,val,non_budding/frame74_cell3.tif,False
74,4,val,non_budding/frame74_cell4.tif,False
74,5,val,budding/frame74_cell5.tif,True
74,7,val,budding/frame74_cell7.tif,True
74,8,val,non_budding/frame74_cell8.tif,False
74,9,val,non_budding/frame74_cell9.tif,False
74,10,val,budding/frame74_cell10.tif,True
74,11,val,budding/frame74_cell11.tif,True
74,12,val,non_budding/frame74_cell12.tif,False
74,13,val,non_budding/frame74_cell13.tif,False
74,14,val,non_budding/frame74_cell14.tif,False
74,15,val,budding/frame74_cell15.tif,True
56,1,val,non_budding/frame56_cell1.tif,False
56,2,val,non_budding/frame56_cell2.tif,False
56,3,val,budding/frame56_cell3.tif,True
56,4,val,non_budding/frame56_cell4.tif,False
56,5,val,budding/frame56_cell5.tif,True
56,6,val,budding/frame56_cell6.tif,True
56,7,val,non_budding/frame56_cell7.tif,False
56,8,val,non_budding/frame56_cell8.tif,False
66,1,test,budding/frame66_cell1.tif,True
66,2,test,budding/frame66_cell2.tif,True
66,3,test,non_budding/frame66_cell3.tif,False
66,5,test,budding/frame66_cell5.tif,True
66,6,test,non_budding/frame66_cell6.tif,False
66,7,test,non_budding/frame66_cell7.tif,False
66,8,test,non_budding/frame66_cell8.tif,False
66,9,test,budding/frame66_cell9.tif,True
66,11,test,non_budding/frame66_cell11.tif,False
66,12,test,budding/frame66_cell12.tif,True
66,13,test,budding/frame66_cell13.tif,True
3,4,test,non_budding/frame3_cell4.tif,False
3,7,test,non_budding/frame3_cell7.tif,False
3,8,test,non_budding/frame3_cell8.tif,False
3,9,test,non_budding/frame3_cell9.tif,False
3,10,test,non_budding/frame3_cell10.tif,False
3,11,test,non_budding/frame3_cell11.tif,False
3,13,test,non_budding/frame3_cell13.tif,False
3,14,test,non_budding/frame3_cell14.tif,False
3,15,test,non_budding/frame3_cell15.tif,False
3,16,test,budding/frame3_cell16.tif,True
3,17,test,non_budding/frame3_cell17.tif,False
3,18,test,budding/frame3_cell18.tif,True
3,19,test,non_budding/frame3_cell19.tif,False
3,20,test,non_budding/frame3_cell20.tif,False
3,23,test,budding/frame3_cell23.tif,True
3,24,test,non_budding/frame3_cell24.tif,False
78,1,test,non_budding/frame78_cell1.tif,False
78,2,test,non_budding/frame78_cell2.tif,False
78,3,test,non_budding/frame78_cell3.tif,False
78,4,test,non_budding/frame78_cell4.tif,False
78,5,test,budding/frame78_cell5.tif,True
78,6,test,non_budding/frame78_cell6.tif,False
78,7,test,non_budding/frame78_cell7.tif,False
78,8,test,budding/frame78_cell8.tif,True
78,9,test,budding/frame78_cell9.tif,True
78,10,test,non_budding/frame78_cell10.tif,False
78,11,test,non_budding/frame78_cell11.tif,False
78,12,test,non_budding/frame78_cell12.tif,False
78,13,test,non_budding/frame78_cell13.tif,False
78,14,test,non_budding/frame78_cell14.tif,False
78,15,test,budding/frame78_cell15.tif,True
64,1,test,budding/frame64_cell1.tif,True
64,2,test,budding/frame64_cell2.tif,True
64,3,test,non_budding/frame64_cell3.tif,False
64,4,test,non_budding/frame64_cell4.tif,False
64,5,test,budding/frame64_cell5.tif,True
64,6,test,non_budding/frame64_cell6.tif,False
64,7,test,budding/frame64_cell7.tif,True
64,8,test,budding/frame64_cell8.tif,True
64,9,test,non_budding/frame64_cell9.tif,False
64,10,test,non_budding/frame64_cell10.tif,False
64,11,test,budding/frame64_cell11.tif,True
64,12,test,non_budding/frame64_cell12.tif,False
77,3,test,budding/frame77_cell3.tif,True
77,4,test,non_budding/frame77_cell4.tif,False
77,5,test,budding/frame77_cell5.tif,True
77,6,test,budding/frame77_cell6.tif,True
77,7,test,non_budding/frame77_cell7.tif,False
77,8,test,non_budding/frame77_cell8.tif,False
59,2,test,budding/frame59_cell2.tif,True
59,3,test,non_budding/frame59_cell3.tif,False
59,4,test,non_budding/frame59_cell4.tif,False
59,5,test,non_budding/frame59_cell5.tif,False
59,6,test,budding/frame59_cell6.tif,True
59,7,test,non_budding/frame59_cell7.tif,False
59,8,test,budding/frame59_cell8.tif,True
59,9,test,non_budding/frame59_cell9.tif,False
59,10,test,non_budding/frame59_cell10.tif,False
59,11,test,budding/frame59_cell11.tif,True
59,12,test,budding/frame59_cell12.tif,True
59,13,test,non_budding/frame59_cell13.tif,False
59,14,test,non_budding/frame59_cell14.tif,False
59,15,test,non_budding/frame59_cell15.tif,False
59,16,test,non_budding/frame59_cell16.tif,False
13,3,test,budding/frame13_cell3.tif,True
13,4,test,budding/frame13_cell4.tif,True
13,5,test,non_budding/frame13_cell5.tif,False
13,6,test,budding/frame13_cell6.tif,True
13,8,test,non_budding/frame13_cell8.tif,False
13,9,test,budding/frame13_cell9.tif,True
13,10,test,non_budding/frame13_cell10.tif,False
13,11,test,budding/frame13_cell11.tif,True
13,12,test,budding/frame13_cell12.tif,True
98,1,test,budding/frame98_cell1.tif,True
98,2,test,non_budding/frame98_cell2.tif,False
98,3,test,budding/frame98_cell3.tif,True
98,4,test,non_budding/frame98_cell4.tif,False
98,6,test,non_budding/frame98_cell6.tif,False
98,8,test,non_budding/frame98_cell8.tif,False
98,9,test,non_budding/frame98_cell9.tif,False
98,10,test,non_budding/frame98_cell10.tif,False
98,11,test,budding/frame98_cell11.tif,True
98,12,test,non_budding/frame98_cell12.tif,False
98,13,test,budding/frame98_cell13.tif,True
98,14,test,non_budding/frame98_cell14.tif,False
98,15,test,non_budding/frame98_cell15.tif,False
98,16,test,non_budding/frame98_cell16.tif,False
98,17,test,non_budding/frame98_cell17.tif,False
86,1,test,non_budding/frame86_cell1.tif,False
86,2,test,non_budding/frame86_cell2.tif,False
86,3,test,non_budding/frame86_cell3.tif,False
86,4,test,budding/frame86_cell4.tif,True
86,5,test,non_budding/frame86_cell5.tif,False
86,6,test,non_budding/frame86_cell6.tif,False
86,7,test,non_budding/frame86_cell7.tif,False
86,8,test,non_budding/frame86_cell8.tif,False
86,9,test,non_budding/frame86_cell9.tif,False
86,10,test,budding/frame86_cell10.tif,True
86,11,test,non_budding/frame86_cell11.tif,False
86,12,test,non_budding/frame86_cell12.tif,False
86,13,test,non_budding/frame86_cell13.tif,False
86,14,test,non_budding/frame86_cell14.tif,False
86,15,test,non_budding/frame86_cell15.tif,False
48,2,test,budding/frame48_cell2.tif,True
48,3,test,budding/frame48_cell3.tif,True
48,4,test,non_budding/frame48_cell4.tif,False
48,5,test,non_budding/frame48_cell5.tif,False
48,6,test,budding/frame48_cell6.tif,True
48,7,test,budding/frame48_cell7.tif,True
48,9,test,non_budding/frame48_cell9.tif,False
48,10,test,budding/frame48_cell10.tif,True
48,11,test,non_budding/frame48_cell11.tif,False
48,12,test,budding/frame48_cell12.tif,True
60,2,test,budding/frame60_cell2.tif,True
60,3,test,budding/frame60_cell3.tif,True
60,4,test,budding/frame60_cell4.tif,True
60,5,test,non_budding/frame60_cell5.tif,False
60,6,test,non_budding/frame60_cell6.tif,False
60,7,test,non_budding/frame60_cell7.tif,False
60,8,test,budding/frame60_cell8.tif,True
60,9,test,non_budding/frame60_cell9.tif,False
60,10,test,non_budding/frame60_cell10.tif,False
60,11,test,non_budding/frame60_cell11.tif,False
60,12,test,budding/frame60_cell12.tif,True
60,13,test,budding/frame60_cell13.tif,True
19,1,test,budding/frame19_cell1.tif,True
19,4,test,non_budding/frame19_cell4.tif,False
19,5,test,budding/frame19_cell5.tif,True
19,6,test,budding/frame19_cell6.tif,True
19,7,test,non_budding/frame19_cell7.tif,False
19,8,test,non_budding/frame19_cell8.tif,False
19,9,test,budding/frame19_cell9.tif,True
19,10,test,non_budding/frame19_cell10.tif,False
19,11,test,budding/frame19_cell11.tif,True
90,1,test,non_budding/frame90_cell1.tif,False
90,2,test,budding/frame90_cell2.tif,True
90,4,test,budding/frame90_cell4.tif,True
90,5,test,budding/frame90_cell5.tif,True
90,6,test,budding/frame90_cell6.tif,True
90,7,test,budding/frame90_cell7.tif,True
90,8,test,budding/frame90_cell8.tif,True
37,1,test,non_budding/frame37_cell1.tif,False
37,2,test,budding/frame37_cell2.tif,True
37,3,test,non_budding/frame37_cell3.tif,False
37,4,test,non_budding/frame37_cell4.tif,False
37,5,test,non_budding/frame37_cell5.tif,False
37,6,test,non_budding/frame37_cell6.tif,False
37,7,test,budding/frame37_cell7.tif,True
37,8,test,non_budding/frame37_cell8.tif,False
37,9,test,non_budding/frame37_cell9.tif,False
37,10,test,non_budding/frame37_cell10.tif,False
37,11,test,non_budding/frame37_cell11.tif,False
37,12,test,non_budding/frame37_cell12.tif,False
37,13,test,non_budding/frame37_cell13.tif,False
37,14,test,non_budding/frame37_cell14.tif,False
37,15,test,budding/frame37_cell15.tif,True
37,16,test,budding/frame37_cell16.tif,True
37,18,test,non_budding/frame37_cell18.tif,False
37,19,test,budding/frame37_cell19.tif,True
37,20,test,non_budding/frame37_cell20.tif,False
37,21,test,non_budding/frame37_cell21.tif,False
37,22,test,non_budding/frame37_cell22.tif,False
37,23,test,non_budding/frame37_cell23.tif,False
5,1,test,budding/frame5_cell1.tif,True
5,2,test,non_budding/frame5_cell2.tif,False
5,3,test,non_budding/frame5_cell3.tif,False
5,4,test,budding/frame5_cell4.tif,True
5,5,test,non_budding/frame5_cell5.tif,False
5,6,test,non_budding/frame5_cell6.tif,False
5,7,test,budding/frame5_cell7.tif,True
5,9,test,budding/frame5_cell9.tif,True
5,10,test,non_budding/frame5_cell10.tif,False
5,11,test,non_budding/frame5_cell11.tif,False
5,12,test,budding/frame5_cell12.tif,True
5,13,test,budding/frame5_cell13.tif,True
5,14,test,non_budding/frame5_cell14.tif,False
5,15,test,budding/frame5_cell15.tif,True
5,16,test,non_budding/frame5_cell16.tif,False
5,17,test,budding/frame5_cell17.tif,True
5,19,test,non_budding/frame5_cell19.tif,False
5,20,test,budding/frame5_cell20.tif,True
5,21,test,non_budding/frame5_cell21.tif,False
5,22,test,budding/frame5_cell22.tif,True
5,23,test,budding/frame5_cell23.tif,True
5,24,test,non_budding/frame5_cell24.tif,False
5,25,test,non_budding/frame5_cell25.tif,False
